# combo#,LP(1/0),LB(1/0),AP(1/0),AT(1/0),AO(1/0),expt_date,LP(abund),LB(abund),AP(abund),AT(abund),AO(abund),M/F,#_sp
1,1,0,0,0,0,1,3.13E+05,0,0,0,0,1,1
1,1,0,0,0,0,1,2.68E+05,0,0,0,0,1,1
1,1,0,0,0,0,1,2.24E+05,0,0,0,0,1,1
1,1,0,0,0,0,1,3.58E+05,0,0,0,0,1,1
1,1,0,0,0,0,1,2.68E+05,0,0,0,0,1,1
1,1,0,0,0,0,1,2.68E+05,0,0,0,0,1,1
1,1,0,0,0,0,1,2.68E+05,0,0,0,0,2,1
1,1,0,0,0,0,1,1.52E+05,0,0,0,0,2,1
1,1,0,0,0,0,1,1.79E+05,0,0,0,0,2,1
1,1,0,0,0,0,1,1.79E+05,0,0,0,0,2,1
1,1,0,0,0,0,1,1.79E+05,0,0,0,0,2,1
1,1,0,0,0,0,1,2.68E+05,0,0,0,0,2,1
1,1,0,0,0,0,2,4.47E+05,0,0,0,0,1,1
1,1,0,0,0,0,2,4.47E+05,0,0,0,0,1,1
1,1,0,0,0,0,2,89428,0,0,0,0,1,1
1,1,0,0,0,0,2,3.58E+05,0,0,0,0,1,1
1,1,0,0,0,0,2,3.58E+05,0,0,0,0,1,1
1,1,0,0,0,0,2,26828,0,0,0,0,1,1
1,1,0,0,0,0,2,35771,0,0,0,0,2,1
1,1,0,0,0,0,2,3.58E+05,0,0,0,0,2,1
1,1,0,0,0,0,2,1.25E+05,0,0,0,0,2,1
1,1,0,0,0,0,2,1.43E+05,0,0,0,0,2,1
1,1,0,0,0,0,2,1.34E+05,0,0,0,0,2,1
1,1,0,0,0,0,2,2.06E+05,0,0,0,0,2,1
1,1,0,0,0,0,3,2.59E+05,0,0,0,0,1,1
1,1,0,0,0,0,3,4.47E+05,0,0,0,0,1,1
1,1,0,0,0,0,3,2.50E+05,0,0,0,0,1,1
1,1,0,0,0,0,3,1.34E+05,0,0,0,0,1,1
1,1,0,0,0,0,3,1.16E+05,0,0,0,0,1,1
1,1,0,0,0,0,3,17886,0,0,0,0,1,1
1,1,0,0,0,0,3,71543,0,0,0,0,2,1
1,1,0,0,0,0,3,17886,0,0,0,0,2,1
1,1,0,0,0,0,3,1.61E+05,0,0,0,0,2,1
1,1,0,0,0,0,3,98371,0,0,0,0,2,1
1,1,0,0,0,0,3,1.34E+05,0,0,0,0,2,1
1,1,0,0,0,0,3,2.59E+05,0,0,0,0,2,1
1,1,0,0,0,0,4,2.68E+05,0,0,0,0,1,1
1,1,0,0,0,0,4,2.24E+05,0,0,0,0,1,1
1,1,0,0,0,0,4,1.25E+05,0,0,0,0,1,1
1,1,0,0,0,0,4,5.37E+05,0,0,0,0,1,1
1,1,0,0,0,0,4,3.58E+05,0,0,0,0,1,1
1,1,0,0,0,0,4,17886,0,0,0,0,1,1
1,1,0,0,0,0,4,1.97E+05,0,0,0,0,2,1
1,1,0,0,0,0,4,8942.8,0,0,0,0,2,1
1,1,0,0,0,0,4,62600,0,0,0,0,2,1
1,1,0,0,0,0,4,4.47E+05,0,0,0,0,2,1
1,1,0,0,0,0,4,44714,0,0,0,0,2,1
1,1,0,0,0,0,4,1.25E+05,0,0,0,0,2,1
2,0,1,0,0,0,1,0,6.68E+05,0,0,0,1,1
2,0,1,0,0,0,1,0,6.68E+05,0,0,0,1,1
2,0,1,0,0,0,1,0,6.68E+05,0,0,0,1,1
2,0,1,0,0,0,1,0,6.68E+05,0,0,0,1,1
2,0,1,0,0,0,1,0,6.68E+05,0,0,0,1,1
2,0,1,0,0,0,1,0,6.68E+05,0,0,0,1,1
2,0,1,0,0,0,1,0,5.57E+05,0,0,0,2,1
2,0,1,0,0,0,1,0,6.68E+05,0,0,0,2,1
2,0,1,0,0,0,1,0,3.34E+05,0,0,0,2,1
2,0,1,0,0,0,1,0,4.45E+05,0,0,0,2,1
2,0,1,0,0,0,1,0,6.68E+05,0,0,0,2,1
2,0,1,0,0,0,1,0,6.68E+05,0,0,0,2,1
2,0,1,0,0,0,2,0,6.68E+05,0,0,0,1,1
2,0,1,0,0,0,2,0,2.45E+05,0,0,0,1,1
2,0,1,0,0,0,2,0,1.00E+05,0,0,0,1,1
2,0,1,0,0,0,2,0,2.78E+05,0,0,0,1,1
2,0,1,0,0,0,2,0,5.57E+05,0,0,0,1,1
2,0,1,0,0,0,2,0,5.57E+05,0,0,0,1,1
2,0,1,0,0,0,2,0,89061,0,0,0,2,1
2,0,1,0,0,0,2,0,4.90E+05,0,0,0,2,1
2,0,1,0,0,0,2,0,3.67E+05,0,0,0,2,1
2,0,1,0,0,0,2,0,77928,0,0,0,2,1
2,0,1,0,0,0,2,0,4.45E+05,0,0,0,2,1
2,0,1,0,0,0,2,0,2.67E+05,0,0,0,2,1
2,0,1,0,0,0,3,0,6.68E+05,0,0,0,1,1
2,0,1,0,0,0,3,0,5.57E+05,0,0,0,1,1
2,0,1,0,0,0,3,0,4.45E+05,0,0,0,1,1
2,0,1,0,0,0,3,0,6.68E+05,0,0,0,1,1
2,0,1,0,0,0,3,0,4.45E+05,0,0,0,1,1
2,0,1,0,0,0,3,0,2.67E+05,0,0,0,1,1
2,0,1,0,0,0,3,0,6.68E+05,0,0,0,2,1
2,0,1,0,0,0,3,0,3.67E+05,0,0,0,2,1
2,0,1,0,0,0,3,0,6.68E+05,0,0,0,2,1
2,0,1,0,0,0,3,0,4.68E+05,0,0,0,2,1
2,0,1,0,0,0,3,0,5.57E+05,0,0,0,2,1
2,0,1,0,0,0,3,0,4.23E+05,0,0,0,2,1
2,0,1,0,0,0,4,0,6.68E+05,0,0,0,1,1
2,0,1,0,0,0,4,0,2.00E+05,0,0,0,1,1
2,0,1,0,0,0,4,0,33398,0,0,0,1,1
2,0,1,0,0,0,4,0,3.34E+05,0,0,0,1,1
2,0,1,0,0,0,4,0,6.68E+05,0,0,0,1,1
2,0,1,0,0,0,4,0,4.45E+05,0,0,0,1,1
2,0,1,0,0,0,4,0,2.78E+05,0,0,0,2,1
2,0,1,0,0,0,4,0,5.57E+05,0,0,0,2,1
2,0,1,0,0,0,4,0,22265,0,0,0,2,1
2,0,1,0,0,0,4,0,2.45E+05,0,0,0,2,1
2,0,1,0,0,0,4,0,77928,0,0,0,2,1
2,0,1,0,0,0,4,0,6.68E+05,0,0,0,2,1
3,0,0,1,0,0,1,0,0,0,0,0,1,1
3,0,0,1,0,0,1,0,0,65417,0,0,1,1
3,0,0,1,0,0,1,0,0,0,0,0,1,1
3,0,0,1,0,0,1,0,0,0,0,0,1,1
3,0,0,1,0,0,1,0,0,16354,0,0,1,1
3,0,0,1,0,0,1,0,0,16354,0,0,1,1
3,0,0,1,0,0,1,0,0,0,0,0,2,1
3,0,0,1,0,0,1,0,0,16354,0,0,2,1
3,0,0,1,0,0,1,0,0,0,0,0,2,1
3,0,0,1,0,0,1,0,0,49063,0,0,2,1
3,0,0,1,0,0,1,0,0,0,0,0,2,1
3,0,0,1,0,0,1,0,0,0,0,0,2,1
3,0,0,1,0,0,2,0,0,49063,0,0,1,1
3,0,0,1,0,0,2,0,0,32708,0,0,1,1
3,0,0,1,0,0,2,0,0,65417,0,0,1,1
3,0,0,1,0,0,2,0,0,65417,0,0,1,1
3,0,0,1,0,0,2,0,0,0,0,0,1,1
3,0,0,1,0,0,2,0,0,2.62E+05,0,0,1,1
3,0,0,1,0,0,2,0,0,0,0,0,2,1
3,0,0,1,0,0,2,0,0,3.76E+05,0,0,2,1
3,0,0,1,0,0,2,0,0,6.54E+05,0,0,2,1
3,0,0,1,0,0,2,0,0,65417,0,0,2,1
3,0,0,1,0,0,2,0,0,49063,0,0,2,1
3,0,0,1,0,0,2,0,0,1.96E+05,0,0,2,1
3,0,0,1,0,0,3,0,0,49063,0,0,1,1
3,0,0,1,0,0,3,0,0,49063,0,0,1,1
3,0,0,1,0,0,3,0,0,49063,0,0,1,1
3,0,0,1,0,0,3,0,0,0,0,0,1,1
3,0,0,1,0,0,3,0,0,0,0,0,1,1
3,0,0,1,0,0,3,0,0,8.18E+05,0,0,1,1
3,0,0,1,0,0,3,0,0,0,0,0,2,1
3,0,0,1,0,0,3,0,0,65417,0,0,2,1
3,0,0,1,0,0,3,0,0,0,0,0,2,1
3,0,0,1,0,0,3,0,0,1.14E+05,0,0,2,1
3,0,0,1,0,0,3,0,0,0,0,0,2,1
3,0,0,1,0,0,3,0,0,16354,0,0,2,1
3,0,0,1,0,0,4,0,0,81771,0,0,1,1
3,0,0,1,0,0,4,0,0,16354,0,0,1,1
3,0,0,1,0,0,4,0,0,0,0,0,1,1
3,0,0,1,0,0,4,0,0,32708,0,0,1,1
3,0,0,1,0,0,4,0,0,4.91E+05,0,0,1,1
3,0,0,1,0,0,4,0,0,4.91E+05,0,0,1,1
3,0,0,1,0,0,4,0,0,0,0,0,2,1
3,0,0,1,0,0,4,0,0,16354,0,0,2,1
3,0,0,1,0,0,4,0,0,16354,0,0,2,1
3,0,0,1,0,0,4,0,0,16354,0,0,2,1
3,0,0,1,0,0,4,0,0,0,0,0,2,1
3,0,0,1,0,0,4,0,0,49063,0,0,2,1
4,0,0,0,1,0,1,0,0,0,9.81E+05,0,1,1
4,0,0,0,1,0,1,0,0,0,3.11E+05,0,1,1
4,0,0,0,1,0,1,0,0,0,2.94E+05,0,1,1
4,0,0,0,1,0,1,0,0,0,3.43E+05,0,1,1
4,0,0,0,1,0,1,0,0,0,2.94E+05,0,1,1
4,0,0,0,1,0,1,0,0,0,2.45E+05,0,1,1
4,0,0,0,1,0,1,0,0,0,3.93E+05,0,2,1
4,0,0,0,1,0,1,0,0,0,4.09E+05,0,2,1
4,0,0,0,1,0,1,0,0,0,8.50E+05,0,2,1
4,0,0,0,1,0,1,0,0,0,6.87E+05,0,2,1
4,0,0,0,1,0,1,0,0,0,4.74E+05,0,2,1
4,0,0,0,1,0,1,0,0,0,16354,0,2,1
4,0,0,0,1,0,2,0,0,0,1.47E+05,0,1,1
4,0,0,0,1,0,2,0,0,0,3.43E+05,0,1,1
4,0,0,0,1,0,2,0,0,0,3.27E+05,0,1,1
4,0,0,0,1,0,2,0,0,0,1.64E+05,0,1,1
4,0,0,0,1,0,2,0,0,0,5.72E+05,0,1,1
4,0,0,0,1,0,2,0,0,0,49063,0,1,1
4,0,0,0,1,0,2,0,0,0,0,0,2,1
4,0,0,0,1,0,2,0,0,0,49063,0,2,1
4,0,0,0,1,0,2,0,0,0,0,0,2,1
4,0,0,0,1,0,2,0,0,0,1.31E+05,0,2,1
4,0,0,0,1,0,2,0,0,0,1.47E+05,0,2,1
4,0,0,0,1,0,2,0,0,0,32708,0,2,1
4,0,0,0,1,0,3,0,0,0,98125,0,1,1
4,0,0,0,1,0,3,0,0,0,4.91E+05,0,1,1
4,0,0,0,1,0,3,0,0,0,8.18E+05,0,1,1
4,0,0,0,1,0,3,0,0,0,1.47E+05,0,1,1
4,0,0,0,1,0,3,0,0,0,2.13E+05,0,1,1
4,0,0,0,1,0,3,0,0,0,0,0,1,1
4,0,0,0,1,0,3,0,0,0,16354,0,2,1
4,0,0,0,1,0,3,0,0,0,32708,0,2,1
4,0,0,0,1,0,3,0,0,0,0,0,2,1
4,0,0,0,1,0,3,0,0,0,0,0,2,1
4,0,0,0,1,0,3,0,0,0,16354,0,2,1
4,0,0,0,1,0,3,0,0,0,0,0,2,1
4,0,0,0,1,0,4,0,0,0,3.11E+05,0,1,1
4,0,0,0,1,0,4,0,0,0,65417,0,1,1
4,0,0,0,1,0,4,0,0,0,1.47E+05,0,1,1
4,0,0,0,1,0,4,0,0,0,5.72E+05,0,1,1
4,0,0,0,1,0,4,0,0,0,4.09E+05,0,1,1
4,0,0,0,1,0,4,0,0,0,6.54E+05,0,1,1
4,0,0,0,1,0,4,0,0,0,16354,0,2,1
4,0,0,0,1,0,4,0,0,0,1.31E+05,0,2,1
4,0,0,0,1,0,4,0,0,0,0,0,2,1
4,0,0,0,1,0,4,0,0,0,16354,0,2,1
4,0,0,0,1,0,4,0,0,0,1.80E+05,0,2,1
4,0,0,0,1,0,4,0,0,0,32708,0,2,1
5,0,0,0,0,1,1,0,0,0,0,5.10E+05,1,1
5,0,0,0,0,1,1,0,0,0,0,7.06E+05,1,1
5,0,0,0,0,1,1,0,0,0,0,3.92E+05,1,1
5,0,0,0,0,1,1,0,0,0,0,1.88E+05,1,1
5,0,0,0,0,1,1,0,0,0,0,3.61E+05,1,1
5,0,0,0,0,1,1,0,0,0,0,3.92E+05,1,1
5,0,0,0,0,1,1,0,0,0,0,2.59E+05,2,1
5,0,0,0,0,1,1,0,0,0,0,5.49E+05,2,1
5,0,0,0,0,1,1,0,0,0,0,1.57E+05,2,1
5,0,0,0,0,1,1,0,0,0,0,2.35E+05,2,1
5,0,0,0,0,1,1,0,0,0,0,2.35E+05,2,1
5,0,0,0,0,1,1,0,0,0,0,6.27E+05,2,1
5,0,0,0,0,1,2,0,0,0,0,7.06E+05,1,1
5,0,0,0,0,1,2,0,0,0,0,7.06E+05,1,1
5,0,0,0,0,1,2,0,0,0,0,5.49E+05,1,1
5,0,0,0,0,1,2,0,0,0,0,4.94E+05,1,1
5,0,0,0,0,1,2,0,0,0,0,1.73E+05,1,1
5,0,0,0,0,1,2,0,0,0,0,5.49E+05,1,1
5,0,0,0,0,1,2,0,0,0,0,5.49E+05,2,1
5,0,0,0,0,1,2,0,0,0,0,5.49E+05,2,1
5,0,0,0,0,1,2,0,0,0,0,7.06E+05,2,1
5,0,0,0,0,1,2,0,0,0,0,1.88E+05,2,1
5,0,0,0,0,1,2,0,0,0,0,5.49E+05,2,1
5,0,0,0,0,1,2,0,0,0,0,5.49E+05,2,1
5,0,0,0,0,1,3,0,0,0,0,86263,1,1
5,0,0,0,0,1,3,0,0,0,0,1.65E+05,1,1
5,0,0,0,0,1,3,0,0,0,0,4.71E+05,1,1
5,0,0,0,0,1,3,0,0,0,0,2.35E+05,1,1
5,0,0,0,0,1,3,0,0,0,0,2.35E+05,1,1
5,0,0,0,0,1,3,0,0,0,0,1.96E+05,1,1
5,0,0,0,0,1,3,0,0,0,0,62737,2,1
5,0,0,0,0,1,3,0,0,0,0,1.18E+05,2,1
5,0,0,0,0,1,3,0,0,0,0,47052,2,1
5,0,0,0,0,1,3,0,0,0,0,2.90E+05,2,1
5,0,0,0,0,1,3,0,0,0,0,3.14E+05,2,1
5,0,0,0,0,1,3,0,0,0,0,39210,2,1
5,0,0,0,0,1,4,0,0,0,0,1.57E+05,1,1
5,0,0,0,0,1,4,0,0,0,0,62737,1,1
5,0,0,0,0,1,4,0,0,0,0,70579,1,1
5,0,0,0,0,1,4,0,0,0,0,94105,1,1
5,0,0,0,0,1,4,0,0,0,0,31368,1,1
5,0,0,0,0,1,4,0,0,0,0,1.49E+05,1,1
5,0,0,0,0,1,4,0,0,0,0,1.96E+05,2,1
5,0,0,0,0,1,4,0,0,0,0,78421,2,1
5,0,0,0,0,1,4,0,0,0,0,62737,2,1
5,0,0,0,0,1,4,0,0,0,0,70579,2,1
5,0,0,0,0,1,4,0,0,0,0,1.96E+05,2,1
5,0,0,0,0,1,4,0,0,0,0,1.96E+05,2,1
6,1,1,0,0,0,1,1.07E+05,1.00E+05,0,0,0,1,2
6,1,1,0,0,0,1,0,55663,0,0,0,1,2
6,1,1,0,0,0,1,1.79E+05,1.67E+05,0,0,0,1,2
6,1,1,0,0,0,1,1.79E+05,89061,0,0,0,1,2
6,1,1,0,0,0,1,1.79E+05,89061,0,0,0,1,2
6,1,1,0,0,0,1,80485,2.78E+05,0,0,0,1,2
6,1,1,0,0,0,1,53657,2.23E+05,0,0,0,2,2
6,1,1,0,0,0,1,35771,3.90E+05,0,0,0,2,2
6,1,1,0,0,0,1,17886,4.45E+05,0,0,0,2,2
6,1,1,0,0,0,1,1.79E+05,1.67E+05,0,0,0,2,2
6,1,1,0,0,0,1,2.24E+05,1.67E+05,0,0,0,2,2
6,1,1,0,0,0,1,89428,0,0,0,0,2,2
6,1,1,0,0,0,2,5.37E+05,1.00E+05,0,0,0,1,2
6,1,1,0,0,0,2,2.41E+05,55663,0,0,0,1,2
6,1,1,0,0,0,2,3.58E+05,1.67E+05,0,0,0,1,2
6,1,1,0,0,0,2,2.06E+05,89061,0,0,0,1,2
6,1,1,0,0,0,2,2.86E+05,89061,0,0,0,1,2
6,1,1,0,0,0,2,2.95E+05,2.78E+05,0,0,0,1,2
6,1,1,0,0,0,2,2.68E+05,2.23E+05,0,0,0,2,2
6,1,1,0,0,0,2,4.47E+05,3.90E+05,0,0,0,2,2
6,1,1,0,0,0,2,3.67E+05,4.45E+05,0,0,0,2,2
6,1,1,0,0,0,2,1.52E+05,1.67E+05,0,0,0,2,2
6,1,1,0,0,0,2,2.95E+05,1.67E+05,0,0,0,2,2
6,1,1,0,0,0,2,2.50E+05,0,0,0,0,2,2
6,1,1,0,0,0,3,4.47E+05,6.68E+05,0,0,0,1,2
6,1,1,0,0,0,3,4.47E+05,4.90E+05,0,0,0,1,2
6,1,1,0,0,0,3,2.86E+05,3.34E+05,0,0,0,1,2
6,1,1,0,0,0,3,0,1.89E+05,0,0,0,1,2
6,1,1,0,0,0,3,3.58E+05,5.57E+05,0,0,0,1,2
6,1,1,0,0,0,3,89428,2.78E+05,0,0,0,1,2
6,1,1,0,0,0,3,1.97E+05,6.68E+05,0,0,0,2,2
6,1,1,0,0,0,3,3.13E+05,6.68E+05,0,0,0,2,2
6,1,1,0,0,0,3,1.07E+05,6.68E+05,0,0,0,2,2
6,1,1,0,0,0,3,35771,4.90E+05,0,0,0,2,2
6,1,1,0,0,0,3,3.58E+05,6.68E+05,0,0,0,2,2
6,1,1,0,0,0,3,1.34E+05,6.68E+05,0,0,0,2,2
6,1,1,0,0,0,4,5.37E+05,66796,0,0,0,1,2
6,1,1,0,0,0,4,3.13E+05,11133,0,0,0,1,2
6,1,1,0,0,0,4,1.07E+05,89061,0,0,0,1,2
6,1,1,0,0,0,4,5.37E+05,0,0,0,0,1,2
6,1,1,0,0,0,4,5.37E+05,22265,0,0,0,1,2
6,1,1,0,0,0,4,0,0,0,0,0,1,2
6,1,1,0,0,0,4,2.06E+05,11133,0,0,0,2,2
6,1,1,0,0,0,4,80485,22265,0,0,0,2,2
6,1,1,0,0,0,4,1.97E+05,1.22E+05,0,0,0,2,2
6,1,1,0,0,0,4,1.79E+05,1.00E+05,0,0,0,2,2
6,1,1,0,0,0,4,62600,44530,0,0,0,2,2
6,1,1,0,0,0,4,17886,33398,0,0,0,2,2
7,1,0,1,0,0,1,3.58E+05,0,2.62E+05,0,0,1,2
7,1,0,1,0,0,1,3.58E+05,0,2.45E+05,0,0,1,2
7,1,0,1,0,0,1,3.13E+05,0,6.54E+05,0,0,1,2
7,1,0,1,0,0,1,1.79E+05,0,3.76E+05,0,0,1,2
7,1,0,1,0,0,1,1.79E+05,0,1.96E+05,0,0,1,2
7,1,0,1,0,0,1,1.79E+05,0,4.58E+05,0,0,1,2
7,1,0,1,0,0,1,1.34E+05,0,7.36E+05,0,0,2,2
7,1,0,1,0,0,1,1.34E+05,0,1.64E+05,0,0,2,2
7,1,0,1,0,0,1,2.06E+05,0,2.13E+05,0,0,2,2
7,1,0,1,0,0,1,1.34E+05,0,4.58E+05,0,0,2,2
7,1,0,1,0,0,1,1.61E+05,0,16354,0,0,2,2
7,1,0,1,0,0,1,3.13E+05,0,2.94E+05,0,0,2,2
7,1,0,1,0,0,2,1.16E+05,0,2.45E+05,0,0,1,2
7,1,0,1,0,0,2,1.16E+05,0,2.45E+05,0,0,1,2
7,1,0,1,0,0,2,1.61E+05,0,2.29E+05,0,0,1,2
7,1,0,1,0,0,2,1.43E+05,0,4.09E+05,0,0,1,2
7,1,0,1,0,0,2,2.24E+05,0,3.11E+05,0,0,1,2
7,1,0,1,0,0,2,1.88E+05,0,1.31E+05,0,0,1,2
7,1,0,1,0,0,2,2.24E+05,0,3.76E+05,0,0,2,2
7,1,0,1,0,0,2,1.43E+05,0,2.13E+05,0,0,2,2
7,1,0,1,0,0,2,1.52E+05,0,81771,0,0,2,2
7,1,0,1,0,0,2,1.34E+05,0,2.94E+05,0,0,2,2
7,1,0,1,0,0,2,1.16E+05,0,98125,0,0,2,2
7,1,0,1,0,0,2,71543,0,1.47E+05,0,0,2,2
7,1,0,1,0,0,3,5.37E+05,0,8.18E+05,0,0,1,2
7,1,0,1,0,0,3,1.52E+05,0,2.13E+05,0,0,1,2
7,1,0,1,0,0,3,35771,0,32708,0,0,1,2
7,1,0,1,0,0,3,3.31E+05,0,16354,0,0,1,2
7,1,0,1,0,0,3,1.79E+05,0,2.29E+05,0,0,1,2
7,1,0,1,0,0,3,3.58E+05,0,9.81E+05,0,0,1,2
7,1,0,1,0,0,3,98371,0,32708,0,0,2,2
7,1,0,1,0,0,3,2.41E+05,0,65417,0,0,2,2
7,1,0,1,0,0,3,5.37E+05,0,98125,0,0,2,2
7,1,0,1,0,0,3,2.41E+05,0,16354,0,0,2,2
7,1,0,1,0,0,3,3.40E+05,0,0,0,0,2,2
7,1,0,1,0,0,3,4.47E+05,0,9.81E+05,0,0,2,2
7,1,0,1,0,0,4,53657,0,0,0,0,1,2
7,1,0,1,0,0,4,3.58E+05,0,32708,0,0,1,2
7,1,0,1,0,0,4,5.37E+05,0,9.81E+05,0,0,1,2
7,1,0,1,0,0,4,1.52E+05,0,98125,0,0,1,2
7,1,0,1,0,0,4,1.34E+05,0,0,0,0,1,2
7,1,0,1,0,0,4,3.13E+05,0,4.09E+05,0,0,1,2
7,1,0,1,0,0,4,5.37E+05,0,32708,0,0,2,2
7,1,0,1,0,0,4,5.37E+05,0,8.18E+05,0,0,2,2
7,1,0,1,0,0,4,1.34E+05,0,32708,0,0,2,2
7,1,0,1,0,0,4,5.37E+05,0,6.54E+05,0,0,2,2
7,1,0,1,0,0,4,4.47E+05,0,65417,0,0,2,2
7,1,0,1,0,0,4,1.97E+05,0,49063,0,0,2,2
8,1,0,0,1,0,1,3.58E+05,0,0,1.80E+05,0,1,2
8,1,0,0,1,0,1,2.68E+05,0,0,3.43E+05,0,1,2
8,1,0,0,1,0,1,3.58E+05,0,0,98125,0,1,2
8,1,0,0,1,0,1,2.68E+05,0,0,2.62E+05,0,1,2
8,1,0,0,1,0,1,2.06E+05,0,0,16354,0,1,2
8,1,0,0,1,0,1,1.79E+05,0,0,1.14E+05,0,1,2
8,1,0,0,1,0,1,2.24E+05,0,0,2.94E+05,0,2,2
8,1,0,0,1,0,1,2.24E+05,0,0,8.18E+05,0,2,2
8,1,0,0,1,0,1,3.13E+05,0,0,4.91E+05,0,2,2
8,1,0,0,1,0,1,1.34E+05,0,0,2.78E+05,0,2,2
8,1,0,0,1,0,1,1.07E+05,0,0,98125,0,2,2
8,1,0,0,1,0,1,2.24E+05,0,0,65417,0,2,2
8,1,0,0,1,0,2,2.06E+05,0,0,4.91E+05,0,1,2
8,1,0,0,1,0,2,1.79E+05,0,0,2.62E+05,0,1,2
8,1,0,0,1,0,2,53657,0,0,32708,0,1,2
8,1,0,0,1,0,2,4.47E+05,0,0,3.27E+05,0,1,2
8,1,0,0,1,0,2,1.97E+05,0,0,49063,0,1,2
8,1,0,0,1,0,2,3.58E+05,0,0,4.91E+05,0,1,2
8,1,0,0,1,0,2,5.37E+05,0,0,4.91E+05,0,2,2
8,1,0,0,1,0,2,2.68E+05,0,0,1.80E+05,0,2,2
8,1,0,0,1,0,2,4.47E+05,0,0,3.76E+05,0,2,2
8,1,0,0,1,0,2,1.07E+05,0,0,98125,0,2,2
8,1,0,0,1,0,2,44714,0,0,49063,0,2,2
8,1,0,0,1,0,2,2.15E+05,0,0,1.47E+05,0,2,2
8,1,0,0,1,0,3,44714,0,0,16354,0,1,2
8,1,0,0,1,0,3,89428,0,0,0,0,1,2
8,1,0,0,1,0,3,3.58E+05,0,0,2.94E+05,0,1,2
8,1,0,0,1,0,3,3.58E+05,0,0,0,0,1,2
8,1,0,0,1,0,3,4.47E+05,0,0,65417,0,1,2
8,1,0,0,1,0,3,5.37E+05,0,0,3.11E+05,0,1,2
8,1,0,0,1,0,3,53657,0,0,16354,0,2,2
8,1,0,0,1,0,3,4.11E+05,0,0,81771,0,2,2
8,1,0,0,1,0,3,80485,0,0,16354,0,2,2
8,1,0,0,1,0,3,2.86E+05,0,0,16354,0,2,2
8,1,0,0,1,0,3,1.52E+05,0,0,1.47E+05,0,2,2
8,1,0,0,1,0,3,3.58E+05,0,0,98125,0,2,2
8,1,0,0,1,0,4,1.70E+05,0,0,1.64E+05,0,1,2
8,1,0,0,1,0,4,4.47E+05,0,0,1.31E+06,0,1,2
8,1,0,0,1,0,4,1.70E+05,0,0,4.91E+05,0,1,2
8,1,0,0,1,0,4,2.06E+05,0,0,2.13E+05,0,1,2
8,1,0,0,1,0,4,5.37E+05,0,0,4.91E+05,0,1,2
8,1,0,0,1,0,4,2.33E+05,0,0,81771,0,1,2
8,1,0,0,1,0,4,17886,0,0,16354,0,2,2
8,1,0,0,1,0,4,80485,0,0,0,0,2,2
8,1,0,0,1,0,4,71543,0,0,0,0,2,2
8,1,0,0,1,0,4,17886,0,0,0,0,2,2
8,1,0,0,1,0,4,2.33E+05,0,0,32708,0,2,2
8,1,0,0,1,0,4,1.07E+05,0,0,32708,0,2,2
9,1,0,0,0,1,1,1.79E+05,0,0,0,2.35E+05,1,2
9,1,0,0,0,1,1,3.13E+05,0,0,0,2.35E+05,1,2
9,1,0,0,0,1,1,3.58E+05,0,0,0,3.14E+05,1,2
9,1,0,0,0,1,1,3.58E+05,0,0,0,2.35E+05,1,2
9,1,0,0,0,1,1,2.24E+05,0,0,0,54894,1,2
9,1,0,0,0,1,1,3.13E+05,0,0,0,3.92E+05,1,2
9,1,0,0,0,1,1,3.13E+05,0,0,0,4.71E+05,2,2
9,1,0,0,0,1,1,2.24E+05,0,0,0,4.71E+05,2,2
9,1,0,0,0,1,1,1.79E+05,0,0,0,3.92E+05,2,2
9,1,0,0,0,1,1,1.79E+05,0,0,0,2.35E+05,2,2
9,1,0,0,0,1,1,2.24E+05,0,0,0,5.49E+05,2,2
9,1,0,0,0,1,1,1.79E+05,0,0,0,2.67E+05,2,2
9,1,0,0,0,1,2,62600,0,0,0,1.96E+05,1,2
9,1,0,0,0,1,2,2.24E+05,0,0,0,1.96E+05,1,2
9,1,0,0,0,1,2,2.24E+05,0,0,0,1.96E+05,1,2
9,1,0,0,0,1,2,98371,0,0,0,2.74E+05,1,2
9,1,0,0,0,1,2,1.61E+05,0,0,0,1.80E+05,1,2
9,1,0,0,0,1,2,62600,0,0,0,2.20E+05,1,2
9,1,0,0,0,1,2,98371,0,0,0,2.74E+05,2,2
9,1,0,0,0,1,2,2.68E+05,0,0,0,2.51E+05,2,2
9,1,0,0,0,1,2,1.79E+05,0,0,0,1.80E+05,2,2
9,1,0,0,0,1,2,2.50E+05,0,0,0,1.18E+05,2,2
9,1,0,0,0,1,2,71543,0,0,0,1.18E+05,2,2
9,1,0,0,0,1,2,89428,0,0,0,1.41E+05,2,2
9,1,0,0,0,1,3,5.37E+05,0,0,0,1.65E+05,1,2
9,1,0,0,0,1,3,1.34E+05,0,0,0,2.67E+05,1,2
9,1,0,0,0,1,3,35771,0,0,0,39210,1,2
9,1,0,0,0,1,3,5.37E+05,0,0,0,1.65E+05,1,2
9,1,0,0,0,1,3,5.37E+05,0,0,0,1.33E+05,1,2
9,1,0,0,0,1,3,2.41E+05,0,0,0,2.27E+05,1,2
9,1,0,0,0,1,3,1.07E+05,0,0,0,3.14E+05,2,2
9,1,0,0,0,1,3,1.79E+05,0,0,0,1.33E+05,2,2
9,1,0,0,0,1,3,2.41E+05,0,0,0,3.14E+05,2,2
9,1,0,0,0,1,3,26828,0,0,0,54894,2,2
9,1,0,0,0,1,3,2.41E+05,0,0,0,2.12E+05,2,2
9,1,0,0,0,1,3,2.50E+05,0,0,0,78421,2,2
9,1,0,0,0,1,4,5.37E+05,0,0,0,3.14E+05,1,2
9,1,0,0,0,1,4,1.16E+05,0,0,0,1.49E+05,1,2
9,1,0,0,0,1,4,5.37E+05,0,0,0,1.10E+05,1,2
9,1,0,0,0,1,4,1.07E+05,0,0,0,1.02E+05,1,2
9,1,0,0,0,1,4,2.68E+05,0,0,0,1.57E+05,1,2
9,1,0,0,0,1,4,1.97E+05,0,0,0,47052,1,2
9,1,0,0,0,1,4,1.43E+05,0,0,0,70579,2,2
9,1,0,0,0,1,4,3.22E+05,0,0,0,54894,2,2
9,1,0,0,0,1,4,2.24E+05,0,0,0,1.96E+05,2,2
9,1,0,0,0,1,4,5.37E+05,0,0,0,2.35E+05,2,2
9,1,0,0,0,1,4,3.58E+05,0,0,0,1.18E+05,2,2
9,1,0,0,0,1,4,4.47E+05,0,0,0,94105,2,2
10,0,1,1,0,0,1,0,4.45E+05,3.11E+05,0,0,1,2
10,0,1,1,0,0,1,0,6.68E+05,1.64E+05,0,0,1,2
10,0,1,1,0,0,1,0,6.68E+05,49063,0,0,1,2
10,0,1,1,0,0,1,0,6.68E+05,98125,0,0,1,2
10,0,1,1,0,0,1,0,6.68E+05,2.45E+05,0,0,1,2
10,0,1,1,0,0,1,0,6.68E+05,1.96E+05,0,0,1,2
10,0,1,1,0,0,1,0,6.68E+05,3.27E+05,0,0,2,2
10,0,1,1,0,0,1,0,3.34E+05,49063,0,0,2,2
10,0,1,1,0,0,1,0,2.56E+05,98125,0,0,2,2
10,0,1,1,0,0,1,0,5.57E+05,4.09E+05,0,0,2,2
10,0,1,1,0,0,1,0,44530,81771,0,0,2,2
10,0,1,1,0,0,1,0,6.68E+05,2.45E+05,0,0,2,2
10,0,1,1,0,0,2,0,33398,32708,0,0,1,2
10,0,1,1,0,0,2,0,33398,65417,0,0,1,2
10,0,1,1,0,0,2,0,0,65417,0,0,1,2
10,0,1,1,0,0,2,0,3.34E+05,8.50E+05,0,0,1,2
10,0,1,1,0,0,2,0,33398,32708,0,0,1,2
10,0,1,1,0,0,2,0,3.34E+05,1.05E+06,0,0,1,2
10,0,1,1,0,0,2,0,1.34E+05,2.62E+05,0,0,2,2
10,0,1,1,0,0,2,0,0,49063,0,0,2,2
10,0,1,1,0,0,2,0,0,32708,0,0,2,2
10,0,1,1,0,0,2,0,3.34E+05,2.29E+05,0,0,2,2
10,0,1,1,0,0,2,0,3.34E+05,4.91E+05,0,0,2,2
10,0,1,1,0,0,2,0,0,16354,0,0,2,2
10,0,1,1,0,0,3,0,2.00E+05,1.31E+05,0,0,1,2
10,0,1,1,0,0,3,0,3.90E+05,65417,0,0,1,2
10,0,1,1,0,0,3,0,5.57E+05,4.25E+05,0,0,1,2
10,0,1,1,0,0,3,0,5.57E+05,1.14E+06,0,0,1,2
10,0,1,1,0,0,3,0,4.45E+05,8.83E+05,0,0,1,2
10,0,1,1,0,0,3,0,5.57E+05,2.13E+05,0,0,1,2
10,0,1,1,0,0,3,0,5.57E+05,0,0,0,2,2
10,0,1,1,0,0,3,0,5.57E+05,0,0,0,2,2
10,0,1,1,0,0,3,0,5.57E+05,0,0,0,2,2
10,0,1,1,0,0,3,0,1.56E+05,0,0,0,2,2
10,0,1,1,0,0,3,0,3.67E+05,0,0,0,2,2
10,0,1,1,0,0,3,0,5.57E+05,32708,0,0,2,2
10,0,1,1,0,0,4,0,2.23E+05,49063,0,0,1,2
10,0,1,1,0,0,4,0,4.45E+05,4.25E+05,0,0,1,2
10,0,1,1,0,0,4,0,2.89E+05,16354,0,0,1,2
10,0,1,1,0,0,4,0,2.89E+05,0,0,0,1,2
10,0,1,1,0,0,4,0,1.45E+05,0,0,0,1,2
10,0,1,1,0,0,4,0,6.68E+05,3.76E+05,0,0,1,2
10,0,1,1,0,0,4,0,3.34E+05,49063,0,0,2,2
10,0,1,1,0,0,4,0,77928,81771,0,0,2,2
10,0,1,1,0,0,4,0,22265,16354,0,0,2,2
10,0,1,1,0,0,4,0,4.45E+05,4.09E+05,0,0,2,2
10,0,1,1,0,0,4,0,1.34E+05,49063,0,0,2,2
10,0,1,1,0,0,4,0,11133,49063,0,0,2,2
11,0,1,0,1,0,1,0,5.01E+05,0,4.91E+05,0,1,2
11,0,1,0,1,0,1,0,33398,0,4.25E+05,0,1,2
11,0,1,0,1,0,1,0,2.23E+05,0,98125,0,1,2
11,0,1,0,1,0,1,0,5.57E+05,0,16354,0,1,2
11,0,1,0,1,0,1,0,0,0,65417,0,1,2
11,0,1,0,1,0,1,0,4.45E+05,0,1.31E+05,0,1,2
11,0,1,0,1,0,1,0,1.67E+05,0,3.76E+05,0,2,2
11,0,1,0,1,0,1,0,0,0,32708,0,2,2
11,0,1,0,1,0,1,0,66796,0,1.64E+05,0,2,2
11,0,1,0,1,0,1,0,3.34E+05,0,65417,0,2,2
11,0,1,0,1,0,1,0,77928,0,32708,0,2,2
11,0,1,0,1,0,1,0,33398,0,32708,0,2,2
11,0,1,0,1,0,2,0,0,0,0,0,1,2
11,0,1,0,1,0,2,0,33398,0,1.64E+05,0,1,2
11,0,1,0,1,0,2,0,0,0,6.54E+05,0,1,2
11,0,1,0,1,0,2,0,3.34E+05,0,65417,0,1,2
11,0,1,0,1,0,2,0,33398,0,3.76E+05,0,1,2
11,0,1,0,1,0,2,0,3.34E+05,0,1.64E+05,0,1,2
11,0,1,0,1,0,2,0,1.34E+05,0,98125,0,2,2
11,0,1,0,1,0,2,0,0,0,49063,0,2,2
11,0,1,0,1,0,2,0,0,0,2.62E+05,0,2,2
11,0,1,0,1,0,2,0,3.34E+05,0,1.31E+05,0,2,2
11,0,1,0,1,0,2,0,3.34E+05,0,5.07E+05,0,2,2
11,0,1,0,1,0,2,0,0,0,7.36E+05,0,2,2
11,0,1,0,1,0,3,0,3.34E+05,0,9.81E+05,0,1,2
11,0,1,0,1,0,3,0,2.89E+05,0,49063,0,1,2
11,0,1,0,1,0,3,0,3.34E+05,0,65417,0,1,2
11,0,1,0,1,0,3,0,4.45E+05,0,16354,0,1,2
11,0,1,0,1,0,3,0,4.45E+05,0,3.60E+05,0,1,2
11,0,1,0,1,0,3,0,2.89E+05,0,65417,0,1,2
11,0,1,0,1,0,3,0,3.34E+05,0,0,0,2,2
11,0,1,0,1,0,3,0,4.45E+05,0,16354,0,2,2
11,0,1,0,1,0,3,0,4.45E+05,0,0,0,2,2
11,0,1,0,1,0,3,0,2.56E+05,0,0,0,2,2
11,0,1,0,1,0,3,0,3.34E+05,0,1.31E+05,0,2,2
11,0,1,0,1,0,3,0,4.45E+05,0,2.78E+05,0,2,2
11,0,1,0,1,0,4,0,6.68E+05,0,49063,0,1,2
11,0,1,0,1,0,4,0,5.57E+05,0,2.45E+05,0,1,2
11,0,1,0,1,0,4,0,4.45E+05,0,6.54E+05,0,1,2
11,0,1,0,1,0,4,0,6.68E+05,0,4.09E+05,0,1,2
11,0,1,0,1,0,4,0,3.34E+05,0,2.78E+05,0,1,2
11,0,1,0,1,0,4,0,4.45E+05,0,8.18E+05,0,1,2
11,0,1,0,1,0,4,0,77928,0,1.14E+05,0,2,2
11,0,1,0,1,0,4,0,2.78E+05,0,16354,0,2,2
11,0,1,0,1,0,4,0,1.56E+05,0,32708,0,2,2
11,0,1,0,1,0,4,0,2.34E+05,0,81771,0,2,2
11,0,1,0,1,0,4,0,6.68E+05,0,9.81E+05,0,2,2
11,0,1,0,1,0,4,0,2.78E+05,0,1.64E+05,0,2,2
12,0,1,0,0,1,1,0,2.00E+05,0,0,3.61E+05,1,2
12,0,1,0,0,1,1,0,5.57E+05,0,0,2.04E+05,1,2
12,0,1,0,0,1,1,0,6.68E+05,0,0,6.27E+05,1,2
12,0,1,0,0,1,1,0,6.68E+05,0,0,7.06E+05,1,2
12,0,1,0,0,1,1,0,4.45E+05,0,0,2.35E+05,1,2
12,0,1,0,0,1,1,0,5.57E+05,0,0,2.35E+05,1,2
12,0,1,0,0,1,1,0,2.89E+05,0,0,78421,2,2
12,0,1,0,0,1,1,0,22265,0,0,1.41E+05,2,2
12,0,1,0,0,1,1,0,3.34E+05,0,0,1.65E+05,2,2
12,0,1,0,0,1,1,0,2.23E+05,0,0,54894,2,2
12,0,1,0,0,1,1,0,3.34E+05,0,0,2.35E+05,2,2
12,0,1,0,0,1,1,0,44530,0,0,1.33E+05,2,2
12,0,1,0,0,1,2,0,1.67E+05,0,0,2.35E+05,1,2
12,0,1,0,0,1,2,0,1.67E+05,0,0,2.74E+05,1,2
12,0,1,0,0,1,2,0,1.67E+05,0,0,3.14E+05,1,2
12,0,1,0,0,1,2,0,66796,0,0,94105,1,2
12,0,1,0,0,1,2,0,33398,0,0,1.96E+05,1,2
12,0,1,0,0,1,2,0,33398,0,0,1.65E+05,1,2
12,0,1,0,0,1,2,0,3.34E+05,0,0,3.53E+05,2,2
12,0,1,0,0,1,2,0,1.67E+05,0,0,3.53E+05,2,2
12,0,1,0,0,1,2,0,1.67E+05,0,0,94105,2,2
12,0,1,0,0,1,2,0,3.34E+05,0,0,86263,2,2
12,0,1,0,0,1,2,0,0,0,0,1.57E+05,2,2
12,0,1,0,0,1,2,0,0,0,0,54894,2,2
12,0,1,0,0,1,3,0,5.57E+05,0,0,1.10E+05,1,2
12,0,1,0,0,1,3,0,5.57E+05,0,0,2.04E+05,1,2
12,0,1,0,0,1,3,0,5.57E+05,0,0,1.57E+05,1,2
12,0,1,0,0,1,3,0,6.68E+05,0,0,2.35E+05,1,2
12,0,1,0,0,1,3,0,5.57E+05,0,0,39210,1,2
12,0,1,0,0,1,3,0,6.68E+05,0,0,1.41E+05,1,2
12,0,1,0,0,1,3,0,2.23E+05,0,0,31368,2,2
12,0,1,0,0,1,3,0,5.57E+05,0,0,94105,2,2
12,0,1,0,0,1,3,0,4.45E+05,0,0,39210,2,2
12,0,1,0,0,1,3,0,5.57E+05,0,0,1.80E+05,2,2
12,0,1,0,0,1,3,0,6.68E+05,0,0,1.80E+05,2,2
12,0,1,0,0,1,3,0,5.57E+05,0,0,2.20E+05,2,2
12,0,1,0,0,1,4,0,2.23E+05,0,0,70579,1,2
12,0,1,0,0,1,4,0,22265,0,0,0,1,2
12,0,1,0,0,1,4,0,2.23E+05,0,0,3.14E+05,1,2
12,0,1,0,0,1,4,0,6.68E+05,0,0,2.74E+05,1,2
12,0,1,0,0,1,4,0,4.45E+05,0,0,3.92E+05,1,2
12,0,1,0,0,1,4,0,2.78E+05,0,0,1.49E+05,1,2
12,0,1,0,0,1,4,0,0,0,0,7842.1,2,2
12,0,1,0,0,1,4,0,6.68E+05,0,0,1.57E+05,2,2
12,0,1,0,0,1,4,0,2.78E+05,0,0,1.57E+05,2,2
12,0,1,0,0,1,4,0,2.23E+05,0,0,86263,2,2
12,0,1,0,0,1,4,0,3.90E+05,0,0,54894,2,2
12,0,1,0,0,1,4,0,22265,0,0,1.18E+05,2,2
13,0,0,1,1,0,1,0,0,0,49063,0,1,2
13,0,0,1,1,0,1,0,0,0,49063,0,1,2
13,0,0,1,1,0,1,0,0,0,2.62E+05,0,1,2
13,0,0,1,1,0,1,0,0,0,3.11E+05,0,1,2
13,0,0,1,1,0,1,0,0,0,32708,0,1,2
13,0,0,1,1,0,1,0,0,0,2.78E+05,0,1,2
13,0,0,1,1,0,1,0,0,0,1.31E+05,0,2,2
13,0,0,1,1,0,1,0,0,0,1.64E+05,0,2,2
13,0,0,1,1,0,1,0,0,0,16354,0,2,2
13,0,0,1,1,0,1,0,0,0,1.14E+05,0,2,2
13,0,0,1,1,0,1,0,0,0,16354,0,2,2
13,0,0,1,1,0,1,0,0,0,16354,0,2,2
13,0,0,1,1,0,2,0,0,1.31E+05,1.31E+05,0,1,2
13,0,0,1,1,0,2,0,0,6.71E+05,1.31E+06,0,1,2
13,0,0,1,1,0,2,0,0,6.54E+05,1.31E+06,0,1,2
13,0,0,1,1,0,2,0,0,2.62E+05,1.31E+06,0,1,2
13,0,0,1,1,0,2,0,0,98125,5.72E+05,0,1,2
13,0,0,1,1,0,2,0,0,32708,1.14E+05,0,1,2
13,0,0,1,1,0,2,0,0,32708,2.13E+05,0,2,2
13,0,0,1,1,0,2,0,0,49063,49063,0,2,2
13,0,0,1,1,0,2,0,0,1.80E+05,1.06E+06,0,2,2
13,0,0,1,1,0,2,0,0,16354,8.83E+05,0,2,2
13,0,0,1,1,0,2,0,0,0,16354,0,2,2
13,0,0,1,1,0,2,0,0,49063,65417,0,2,2
13,0,0,1,1,0,3,0,0,16354,2.13E+05,0,1,2
13,0,0,1,1,0,3,0,0,0,5.72E+05,0,1,2
13,0,0,1,1,0,3,0,0,0,49063,0,1,2
13,0,0,1,1,0,3,0,0,98125,3.11E+05,0,1,2
13,0,0,1,1,0,3,0,0,0,49063,0,1,2
13,0,0,1,1,0,3,0,0,6.21E+05,4.74E+05,0,1,2
13,0,0,1,1,0,3,0,0,0,0,0,2,2
13,0,0,1,1,0,3,0,0,0,32708,0,2,2
13,0,0,1,1,0,3,0,0,0,0,0,2,2
13,0,0,1,1,0,3,0,0,0,0,0,2,2
13,0,0,1,1,0,3,0,0,0,16354,0,2,2
13,0,0,1,1,0,3,0,0,0,0,0,2,2
13,0,0,1,1,0,4,0,0,16354,81771,0,1,2
13,0,0,1,1,0,4,0,0,32708,32708,0,1,2
13,0,0,1,1,0,4,0,0,16354,65417,0,1,2
13,0,0,1,1,0,4,0,0,0,6.54E+05,0,1,2
13,0,0,1,1,0,4,0,0,32708,6.54E+05,0,1,2
13,0,0,1,1,0,4,0,0,0,6.54E+05,0,1,2
13,0,0,1,1,0,4,0,0,32708,16354,0,2,2
13,0,0,1,1,0,4,0,0,0,0,0,2,2
13,0,0,1,1,0,4,0,0,49063,32708,0,2,2
13,0,0,1,1,0,4,0,0,2.78E+05,1.14E+06,0,2,2
13,0,0,1,1,0,4,0,0,32708,8.18E+05,0,2,2
13,0,0,1,1,0,4,0,0,0,1.14E+05,0,2,2
14,0,0,1,0,1,1,0,0,0,0,1.10E+05,1,2
14,0,0,1,0,1,1,0,0,0,0,5.49E+05,1,2
14,0,0,1,0,1,1,0,0,0,0,1.96E+05,1,2
14,0,0,1,0,1,1,0,0,0,0,1.25E+05,1,2
14,0,0,1,0,1,1,0,0,0,0,1.18E+05,1,2
14,0,0,1,0,1,1,0,0,0,0,62737,1,2
14,0,0,1,0,1,1,0,0,0,0,47052,2,2
14,0,0,1,0,1,1,0,0,0,0,1.02E+05,2,2
14,0,0,1,0,1,1,0,0,0,0,1.18E+05,2,2
14,0,0,1,0,1,1,0,0,0,0,1.96E+05,2,2
14,0,0,1,0,1,1,0,0,0,0,31368,2,2
14,0,0,1,0,1,1,0,0,0,0,54894,2,2
14,0,0,1,0,1,2,0,0,32708,0,1.41E+05,1,2
14,0,0,1,0,1,2,0,0,81771,0,70579,1,2
14,0,0,1,0,1,2,0,0,32708,0,1.57E+05,1,2
14,0,0,1,0,1,2,0,0,32708,0,2.35E+05,1,2
14,0,0,1,0,1,2,0,0,1.31E+05,0,6.27E+05,1,2
14,0,0,1,0,1,2,0,0,32708,0,2.35E+05,1,2
14,0,0,1,0,1,2,0,0,0,0,3.92E+05,2,2
14,0,0,1,0,1,2,0,0,32708,0,70579,2,2
14,0,0,1,0,1,2,0,0,32708,0,1.25E+05,2,2
14,0,0,1,0,1,2,0,0,49063,0,70579,2,2
14,0,0,1,0,1,2,0,0,32708,0,1.73E+05,2,2
14,0,0,1,0,1,2,0,0,2.62E+05,0,1.80E+05,2,2
14,0,0,1,0,1,3,0,0,16354,0,23526,1,2
14,0,0,1,0,1,3,0,0,0,0,94105,1,2
14,0,0,1,0,1,3,0,0,0,0,1.41E+05,1,2
14,0,0,1,0,1,3,0,0,49063,0,1.41E+05,1,2
14,0,0,1,0,1,3,0,0,16354,0,1.96E+05,1,2
14,0,0,1,0,1,3,0,0,0,0,0,1,2
14,0,0,1,0,1,3,0,0,16354,0,2.35E+05,2,2
14,0,0,1,0,1,3,0,0,16354,0,2.35E+05,2,2
14,0,0,1,0,1,3,0,0,0,0,62737,2,2
14,0,0,1,0,1,3,0,0,0,0,31368,2,2
14,0,0,1,0,1,3,0,0,49063,0,1.96E+05,2,2
14,0,0,1,0,1,3,0,0,0,0,39210,2,2
14,0,0,1,0,1,4,0,0,65417,0,3.14E+05,1,2
14,0,0,1,0,1,4,0,0,16354,0,54894,1,2
14,0,0,1,0,1,4,0,0,0,0,1.88E+05,1,2
14,0,0,1,0,1,4,0,0,0,0,1.57E+05,1,2
14,0,0,1,0,1,4,0,0,0,0,94105,1,2
14,0,0,1,0,1,4,0,0,0,0,1.41E+05,1,2
14,0,0,1,0,1,4,0,0,81771,0,94105,2,2
14,0,0,1,0,1,4,0,0,32708,0,70579,2,2
14,0,0,1,0,1,4,0,0,6.54E+05,0,1.57E+05,2,2
14,0,0,1,0,1,4,0,0,16354,0,1.57E+05,2,2
14,0,0,1,0,1,4,0,0,32708,0,1.96E+05,2,2
14,0,0,1,0,1,4,0,0,1.80E+05,0,4.71E+05,2,2
15,0,0,0,1,1,1,0,0,0,0,62737,1,2
15,0,0,0,1,1,1,0,0,0,0,1.96E+05,1,2
15,0,0,0,1,1,1,0,0,0,0,2.74E+05,1,2
15,0,0,0,1,1,1,0,0,0,0,1.57E+05,1,2
15,0,0,0,1,1,1,0,0,0,0,1.57E+05,1,2
15,0,0,0,1,1,1,0,0,0,0,3.92E+05,1,2
15,0,0,0,1,1,1,0,0,0,0,3.53E+05,2,2
15,0,0,0,1,1,1,0,0,0,0,1.65E+05,2,2
15,0,0,0,1,1,1,0,0,0,0,3.14E+05,2,2
15,0,0,0,1,1,1,0,0,0,0,2.51E+05,2,2
15,0,0,0,1,1,1,0,0,0,0,1.73E+05,2,2
15,0,0,0,1,1,1,0,0,0,0,5.49E+05,2,2
15,0,0,0,1,1,2,0,0,0,0,7.06E+05,1,2
15,0,0,0,1,1,2,0,0,0,0,2.35E+05,1,2
15,0,0,0,1,1,2,0,0,0,0,4.71E+05,1,2
15,0,0,0,1,1,2,0,0,0,0,3.92E+05,1,2
15,0,0,0,1,1,2,0,0,0,0,7.06E+05,1,2
15,0,0,0,1,1,2,0,0,0,0,7.06E+05,1,2
15,0,0,0,1,1,2,0,0,0,0,1.80E+05,2,2
15,0,0,0,1,1,2,0,0,0,0,4.71E+05,2,2
15,0,0,0,1,1,2,0,0,0,3.27E+05,1.57E+05,2,2
15,0,0,0,1,1,2,0,0,0,0,1.73E+05,2,2
15,0,0,0,1,1,2,0,0,0,16354,2.35E+05,2,2
15,0,0,0,1,1,2,0,0,0,16354,5.49E+05,2,2
15,0,0,0,1,1,3,0,0,0,81771,23526,1,2
15,0,0,0,1,1,3,0,0,0,1.14E+05,1.88E+05,1,2
15,0,0,0,1,1,3,0,0,0,1.14E+05,1.57E+05,1,2
15,0,0,0,1,1,3,0,0,0,3.60E+05,2.82E+05,1,2
15,0,0,0,1,1,3,0,0,0,1.14E+05,15684,1,2
15,0,0,0,1,1,3,0,0,0,1.31E+05,3.14E+05,1,2
15,0,0,0,1,1,3,0,0,0,98125,1.65E+05,2,2
15,0,0,0,1,1,3,0,0,0,49063,2.12E+05,2,2
15,0,0,0,1,1,3,0,0,0,98125,3.69E+05,2,2
15,0,0,0,1,1,3,0,0,0,32708,1.96E+05,2,2
15,0,0,0,1,1,3,0,0,0,32708,2.12E+05,2,2
15,0,0,0,1,1,3,0,0,0,4.58E+05,3.92E+05,2,2
15,0,0,0,1,1,4,0,0,0,81771,1.41E+05,1,2
15,0,0,0,1,1,4,0,0,0,3.27E+05,3.92E+05,1,2
15,0,0,0,1,1,4,0,0,0,4.09E+05,3.14E+05,1,2
15,0,0,0,1,1,4,0,0,0,65417,1.25E+05,1,2
15,0,0,0,1,1,4,0,0,0,3.27E+05,3.14E+05,1,2
15,0,0,0,1,1,4,0,0,0,4.09E+05,2.35E+05,1,2
15,0,0,0,1,1,4,0,0,0,65417,47052,2,2
15,0,0,0,1,1,4,0,0,0,81771,1.02E+05,2,2
15,0,0,0,1,1,4,0,0,0,1.47E+05,1.02E+05,2,2
15,0,0,0,1,1,4,0,0,0,0,23526,2,2
15,0,0,0,1,1,4,0,0,0,1.14E+05,47052,2,2
15,0,0,0,1,1,4,0,0,0,1.14E+05,1.80E+05,2,2
16,1,1,1,0,0,1,1.34E+05,33398,1.64E+05,0,0,1,3
16,1,1,1,0,0,1,1.88E+05,22265,1.80E+05,0,0,1,3
16,1,1,1,0,0,1,2.06E+05,22265,16354,0,0,1,3
16,1,1,1,0,0,1,1.79E+05,33398,49063,0,0,1,3
16,1,1,1,0,0,1,1.34E+05,22265,1.96E+05,0,0,1,3
16,1,1,1,0,0,1,1.79E+05,22265,1.14E+05,0,0,1,3
16,1,1,1,0,0,1,2.24E+05,22265,16354,0,0,2,3
16,1,1,1,0,0,1,1.16E+05,22265,3.27E+05,0,0,2,3
16,1,1,1,0,0,1,1.43E+05,0,98125,0,0,2,3
16,1,1,1,0,0,1,1.70E+05,11133,81771,0,0,2,3
16,1,1,1,0,0,1,1.52E+05,0,49063,0,0,2,3
16,1,1,1,0,0,1,1.70E+05,0,98125,0,0,2,3
16,1,1,1,0,0,2,2.33E+05,3.34E+05,8.18E+05,0,0,1,3
16,1,1,1,0,0,2,62600,0,65417,0,0,1,3
16,1,1,1,0,0,2,3.58E+05,3.34E+05,5.23E+05,0,0,1,3
16,1,1,1,0,0,2,1.16E+05,3.34E+05,49063,0,0,1,3
16,1,1,1,0,0,2,4.47E+05,3.34E+05,4.91E+05,0,0,1,3
16,1,1,1,0,0,2,62600,1.67E+05,2.94E+05,0,0,1,3
16,1,1,1,0,0,2,4.47E+05,1.67E+05,2.78E+05,0,0,2,3
16,1,1,1,0,0,2,1.34E+05,1.67E+05,81771,0,0,2,3
16,1,1,1,0,0,2,3.13E+05,1.67E+05,2.13E+05,0,0,2,3
16,1,1,1,0,0,2,1.25E+05,1.67E+05,81771,0,0,2,3
16,1,1,1,0,0,2,1.52E+05,1.67E+05,2.29E+05,0,0,2,3
16,1,1,1,0,0,2,1.07E+05,1.00E+05,49063,0,0,2,3
16,1,1,1,0,0,3,5.37E+05,0,4.09E+05,0,0,1,3
16,1,1,1,0,0,3,5.37E+05,22265,8.18E+05,0,0,1,3
16,1,1,1,0,0,3,5.37E+05,0,1.31E+06,0,0,1,3
16,1,1,1,0,0,3,35771,2.34E+05,32708,0,0,1,3
16,1,1,1,0,0,3,5.37E+05,0,2.29E+05,0,0,1,3
16,1,1,1,0,0,3,62600,3.01E+05,49063,0,0,1,3
16,1,1,1,0,0,3,71543,5.57E+05,16354,0,0,2,3
16,1,1,1,0,0,3,1.07E+05,4.45E+05,16354,0,0,2,3
16,1,1,1,0,0,3,26828,3.34E+05,0,0,0,2,3
16,1,1,1,0,0,3,1.79E+05,3.90E+05,1.96E+05,0,0,2,3
16,1,1,1,0,0,3,2.06E+05,1.11E+05,1.47E+05,0,0,2,3
16,1,1,1,0,0,3,35771,4.45E+05,0,0,0,2,3
16,1,1,1,0,0,4,1.16E+05,0,32708,0,0,1,3
16,1,1,1,0,0,4,2.24E+05,33398,16354,0,0,1,3
16,1,1,1,0,0,4,5.37E+05,1.22E+05,2.29E+05,0,0,1,3
16,1,1,1,0,0,4,1.16E+05,22265,0,0,0,1,3
16,1,1,1,0,0,4,5.37E+05,89061,5.72E+05,0,0,1,3
16,1,1,1,0,0,4,2.24E+05,1.67E+05,16354,0,0,1,3
16,1,1,1,0,0,4,1.88E+05,11133,98125,0,0,2,3
16,1,1,1,0,0,4,1.79E+05,77928,0,0,0,2,3
16,1,1,1,0,0,4,2.24E+05,11133,49063,0,0,2,3
16,1,1,1,0,0,4,4.02E+05,1.22E+05,6.21E+05,0,0,2,3
16,1,1,1,0,0,4,1.70E+05,33398,16354,0,0,2,3
16,1,1,1,0,0,4,89428,11133,65417,0,0,2,3
17,1,1,0,1,0,1,3.58E+05,33398,0,98125,0,1,3
17,1,1,0,1,0,1,3.58E+05,66796,0,1.47E+05,0,1,3
17,1,1,0,1,0,1,2.68E+05,22265,0,32708,0,1,3
17,1,1,0,1,0,1,1.43E+05,1.11E+05,0,81771,0,1,3
17,1,1,0,1,0,1,5.37E+05,0,0,16354,0,1,3
17,1,1,0,1,0,1,2.24E+05,0,0,1.31E+05,0,1,3
17,1,1,0,1,0,1,26828,5.57E+05,0,98125,0,2,3
17,1,1,0,1,0,1,1.79E+05,22265,0,98125,0,2,3
17,1,1,0,1,0,1,3.13E+05,33398,0,2.13E+05,0,2,3
17,1,1,0,1,0,1,2.24E+05,0,0,1.64E+05,0,2,3
17,1,1,0,1,0,1,53657,0,0,16354,0,2,3
17,1,1,0,1,0,1,1.79E+05,0,0,0,0,2,3
17,1,1,0,1,0,2,1.16E+05,0,0,6.54E+05,0,1,3
17,1,1,0,1,0,2,71543,22265,0,5.72E+05,0,1,3
17,1,1,0,1,0,2,2.68E+05,33398,0,9.81E+05,0,1,3
17,1,1,0,1,0,2,1.34E+05,44530,0,4.91E+05,0,1,3
17,1,1,0,1,0,2,1.34E+05,0,0,6.54E+05,0,1,3
17,1,1,0,1,0,2,2.06E+05,1.67E+05,0,5.72E+05,0,1,3
17,1,1,0,1,0,2,71543,1.00E+05,0,3.11E+05,0,2,3
17,1,1,0,1,0,2,8942.8,0,0,1.14E+05,0,2,3
17,1,1,0,1,0,2,53657,44530,0,32708,0,2,3
17,1,1,0,1,0,2,89428,89061,0,2.45E+05,0,2,3
17,1,1,0,1,0,2,71543,1.00E+05,0,4.91E+05,0,2,3
17,1,1,0,1,0,2,71543,77928,0,5.23E+05,0,2,3
17,1,1,0,1,0,3,1.16E+05,2.56E+05,0,65417,0,1,3
17,1,1,0,1,0,3,3.04E+05,1.56E+05,0,2.94E+05,0,1,3
17,1,1,0,1,0,3,1.97E+05,1.22E+05,0,32708,0,1,3
17,1,1,0,1,0,3,71543,1.78E+05,0,16354,0,1,3
17,1,1,0,1,0,3,4.47E+05,89061,0,4.91E+05,0,1,3
17,1,1,0,1,0,3,5.37E+05,1.00E+05,0,65417,0,1,3
17,1,1,0,1,0,3,5.37E+05,1.22E+05,0,4.91E+05,0,2,3
17,1,1,0,1,0,3,1.25E+05,1.22E+05,0,16354,0,2,3
17,1,1,0,1,0,3,2.50E+05,2.23E+05,0,16354,0,2,3
17,1,1,0,1,0,3,98371,2.00E+05,0,81771,0,2,3
17,1,1,0,1,0,3,62600,5.57E+05,0,0,0,2,3
17,1,1,0,1,0,3,4.47E+05,22265,0,81771,0,2,3
17,1,1,0,1,0,4,2.24E+05,0,0,0,0,1,3
17,1,1,0,1,0,4,4.47E+05,0,0,4.91E+05,0,1,3
17,1,1,0,1,0,4,44714,11133,0,0,0,1,3
17,1,1,0,1,0,4,5.37E+05,22265,0,2.29E+05,0,1,3
17,1,1,0,1,0,4,5.37E+05,0,0,49063,0,1,3
17,1,1,0,1,0,4,5.37E+05,0,0,8.18E+05,0,1,3
17,1,1,0,1,0,4,2.24E+05,0,0,16354,0,2,3
17,1,1,0,1,0,4,35771,0,0,0,0,2,3
17,1,1,0,1,0,4,3.58E+05,44530,0,81771,0,2,3
17,1,1,0,1,0,4,2.68E+05,22265,0,0,0,2,3
17,1,1,0,1,0,4,1.61E+05,33398,0,49063,0,2,3
17,1,1,0,1,0,4,1.61E+05,33398,0,32708,0,2,3
18,1,1,0,0,1,1,3.13E+05,55663,0,0,1.96E+05,1,3
18,1,1,0,0,1,1,3.13E+05,55663,0,0,3.14E+05,1,3
18,1,1,0,0,1,1,3.13E+05,55663,0,0,4.71E+05,1,3
18,1,1,0,0,1,1,3.13E+05,1.11E+05,0,0,4.71E+05,1,3
18,1,1,0,0,1,1,4.02E+05,11133,0,0,4.71E+05,1,3
18,1,1,0,0,1,1,4.47E+05,22265,0,0,4.71E+05,1,3
18,1,1,0,0,1,1,3.13E+05,0,0,0,5.49E+05,2,3
18,1,1,0,0,1,1,1.25E+05,0,0,0,1.73E+05,2,3
18,1,1,0,0,1,1,2.68E+05,0,0,0,5.49E+05,2,3
18,1,1,0,0,1,1,1.61E+05,0,0,0,1.49E+05,2,3
18,1,1,0,0,1,1,1.79E+05,0,0,0,1.96E+05,2,3
18,1,1,0,0,1,1,2.24E+05,0,0,0,4.71E+05,2,3
18,1,1,0,0,1,2,1.34E+05,33398,0,0,78421,1,3
18,1,1,0,0,1,2,1.16E+05,0,0,0,62737,1,3
18,1,1,0,0,1,2,1.16E+05,33398,0,0,5.49E+05,1,3
18,1,1,0,0,1,2,53657,33398,0,0,78421,1,3
18,1,1,0,0,1,2,89428,1.22E+05,0,0,1.57E+05,1,3
18,1,1,0,0,1,2,80485,77928,0,0,1.49E+05,1,3
18,1,1,0,0,1,2,53657,11133,0,0,1.18E+05,2,3
18,1,1,0,0,1,2,53657,22265,0,0,1.65E+05,2,3
18,1,1,0,0,1,2,44714,33398,0,0,62737,2,3
18,1,1,0,0,1,2,0,33398,0,0,1.10E+05,2,3
18,1,1,0,0,1,2,1.16E+05,55663,0,0,1.33E+05,2,3
18,1,1,0,0,1,2,8942.8,0,0,0,15684,2,3
18,1,1,0,0,1,3,3.58E+05,1.89E+05,0,0,4.71E+05,1,3
18,1,1,0,0,1,3,1.88E+05,2.45E+05,0,0,2.98E+05,1,3
18,1,1,0,0,1,3,2.77E+05,1.11E+05,0,0,3.14E+05,1,3
18,1,1,0,0,1,3,3.22E+05,1.11E+05,0,0,3.14E+05,1,3
18,1,1,0,0,1,3,35771,3.34E+05,0,0,1.25E+05,1,3
18,1,1,0,0,1,3,2.68E+05,1.67E+05,0,0,2.82E+05,1,3
18,1,1,0,0,1,3,2.33E+05,2.23E+05,0,0,1.10E+05,2,3
18,1,1,0,0,1,3,71543,2.78E+05,0,0,15684,2,3
18,1,1,0,0,1,3,53657,2.00E+05,0,0,1.41E+05,2,3
18,1,1,0,0,1,3,1.34E+05,1.89E+05,0,0,3.92E+05,2,3
18,1,1,0,0,1,3,53657,2.45E+05,0,0,1.41E+05,2,3
18,1,1,0,0,1,3,2.24E+05,1.67E+05,0,0,1.65E+05,2,3
18,1,1,0,0,1,4,5.37E+05,1.45E+05,0,0,1.96E+05,1,3
18,1,1,0,0,1,4,4.47E+05,3.34E+05,0,0,2.35E+05,1,3
18,1,1,0,0,1,4,3.13E+05,55663,0,0,1.96E+05,1,3
18,1,1,0,0,1,4,1.34E+05,22265,0,0,1.18E+05,1,3
18,1,1,0,0,1,4,2.68E+05,11133,0,0,2.35E+05,1,3
18,1,1,0,0,1,4,2.24E+05,22265,0,0,23526,1,3
18,1,1,0,0,1,4,1.07E+05,0,0,0,39210,2,3
18,1,1,0,0,1,4,1.79E+05,1.00E+05,0,0,39210,2,3
18,1,1,0,0,1,4,1.79E+05,0,0,0,1.02E+05,2,3
18,1,1,0,0,1,4,89428,0,0,0,15684,2,3
18,1,1,0,0,1,4,98371,0,0,0,47052,2,3
18,1,1,0,0,1,4,4.47E+05,55663,0,0,2.20E+05,2,3
19,1,0,1,1,0,1,53657,0,1.14E+05,0,0,1,3
19,1,0,1,1,0,1,80485,0,1.47E+05,0,0,1,3
19,1,0,1,1,0,1,3.58E+05,0,5.72E+05,1.64E+05,0,1,3
19,1,0,1,1,0,1,3.13E+05,0,2.29E+05,0,0,1,3
19,1,0,1,1,0,1,3.58E+05,0,4.91E+05,2.45E+05,0,1,3
19,1,0,1,1,0,1,3.13E+05,0,1.47E+05,0,0,1,3
19,1,0,1,1,0,1,3.13E+05,0,3.11E+05,16354,0,2,3
19,1,0,1,1,0,1,2.68E+05,0,81771,1.64E+05,0,2,3
19,1,0,1,1,0,1,44714,0,16354,16354,0,2,3
19,1,0,1,1,0,1,1.79E+05,0,81771,16354,0,2,3
19,1,0,1,1,0,1,62600,0,49063,32708,0,2,3
19,1,0,1,1,0,1,53657,0,1.96E+05,65417,0,2,3
19,1,0,1,1,0,2,1.79E+05,0,6.54E+05,4.91E+05,0,1,3
19,1,0,1,1,0,2,1.34E+05,0,1.96E+05,4.09E+05,0,1,3
19,1,0,1,1,0,2,89428,0,3.60E+05,5.89E+05,0,1,3
19,1,0,1,1,0,2,89428,0,1.31E+05,5.56E+05,0,1,3
19,1,0,1,1,0,2,89428,0,2.78E+05,5.40E+05,0,1,3
19,1,0,1,1,0,2,1.79E+05,0,6.54E+05,6.54E+05,0,1,3
19,1,0,1,1,0,2,8942.8,0,16354,65417,0,2,3
19,1,0,1,1,0,2,53657,0,2.13E+05,2.45E+05,0,2,3
19,1,0,1,1,0,2,26828,0,1.80E+05,32708,0,2,3
19,1,0,1,1,0,2,89428,0,2.29E+05,2.94E+05,0,2,3
19,1,0,1,1,0,2,1.16E+05,0,2.62E+05,5.72E+05,0,2,3
19,1,0,1,1,0,2,80485,0,1.47E+05,2.62E+05,0,2,3
19,1,0,1,1,0,3,44714,0,0,0,0,1,3
19,1,0,1,1,0,3,2.68E+05,0,0,16354,0,1,3
19,1,0,1,1,0,3,71543,0,0,49063,0,1,3
19,1,0,1,1,0,3,4.47E+05,0,5.89E+05,4.09E+05,0,1,3
19,1,0,1,1,0,3,3.58E+05,0,49063,3.27E+05,0,1,3
19,1,0,1,1,0,3,44714,0,0,16354,0,1,3
19,1,0,1,1,0,3,17886,0,0,16354,0,2,3
19,1,0,1,1,0,3,2.24E+05,0,0,0,0,2,3
19,1,0,1,1,0,3,26828,0,0,0,0,2,3
19,1,0,1,1,0,3,2.68E+05,0,49063,16354,0,2,3
19,1,0,1,1,0,3,4.11E+05,0,2.45E+05,16354,0,2,3
19,1,0,1,1,0,3,17886,0,0,16354,0,2,3
19,1,0,1,1,0,4,5.37E+05,0,0,2.45E+05,0,1,3
19,1,0,1,1,0,4,5.37E+05,0,1.80E+05,4.91E+05,0,1,3
19,1,0,1,1,0,4,1.79E+05,0,0,1.14E+05,0,1,3
19,1,0,1,1,0,4,3.58E+05,0,16354,2.29E+05,0,1,3
19,1,0,1,1,0,4,4.47E+05,0,16354,8.18E+05,0,1,3
19,1,0,1,1,0,4,4.47E+05,0,16354,2.13E+05,0,1,3
19,1,0,1,1,0,4,26828,0,0,32708,0,2,3
19,1,0,1,1,0,4,1.61E+05,0,0,0,0,2,3
19,1,0,1,1,0,4,0,0,0,0,0,2,3
19,1,0,1,1,0,4,1.79E+05,0,16354,16354,0,2,3
19,1,0,1,1,0,4,89428,0,16354,16354,0,2,3
19,1,0,1,1,0,4,26828,0,0,0,0,2,3
20,1,0,1,0,1,1,3.13E+05,0,2.13E+05,0,1.96E+05,1,3
20,1,0,1,0,1,1,2.24E+05,0,16354,0,1.96E+05,1,3
20,1,0,1,0,1,1,62600,0,16354,0,3.14E+05,1,3
20,1,0,1,0,1,1,3.13E+05,0,65417,0,47052,1,3
20,1,0,1,0,1,1,4.02E+05,0,2.45E+05,0,5.49E+05,1,3
20,1,0,1,0,1,1,0,0,0,0,7842.1,1,3
20,1,0,1,0,1,1,53657,0,0,0,86263,2,3
20,1,0,1,0,1,1,1.52E+05,0,65417,0,2.35E+05,2,3
20,1,0,1,0,1,1,1.79E+05,0,16354,0,1.73E+05,2,3
20,1,0,1,0,1,1,1.61E+05,0,81771,0,1.18E+05,2,3
20,1,0,1,0,1,1,2.24E+05,0,32708,0,1.96E+05,2,3
20,1,0,1,0,1,1,0,0,0,0,0,2,3
20,1,0,1,0,1,2,1.79E+05,0,5.07E+05,0,7.06E+05,1,3
20,1,0,1,0,1,2,1.34E+05,0,65417,0,3.22E+05,1,3
20,1,0,1,0,1,2,71543,0,16354,0,1.73E+05,1,3
20,1,0,1,0,1,2,62600,0,16354,0,1.96E+05,1,3
20,1,0,1,0,1,2,44714,0,98125,0,1.25E+05,1,3
20,1,0,1,0,1,2,71543,0,2.45E+05,0,86263,1,3
20,1,0,1,0,1,2,35771,0,81771,0,94105,2,3
20,1,0,1,0,1,2,44714,0,65417,0,54894,2,3
20,1,0,1,0,1,2,62600,0,4.09E+05,0,7842.1,2,3
20,1,0,1,0,1,2,26828,0,65417,0,7842.1,2,3
20,1,0,1,0,1,2,17886,0,1.31E+05,0,54894,2,3
20,1,0,1,0,1,2,71543,0,4.91E+05,0,1.41E+05,2,3
20,1,0,1,0,1,3,5.37E+05,0,9.81E+05,0,7.06E+05,1,3
20,1,0,1,0,1,3,71543,0,0,0,62737,1,3
20,1,0,1,0,1,3,2.86E+05,0,16354,0,1.41E+05,1,3
20,1,0,1,0,1,3,4.47E+05,0,16354,0,1.80E+05,1,3
20,1,0,1,0,1,3,3.22E+05,0,3.27E+05,0,3.14E+05,1,3
20,1,0,1,0,1,3,3.13E+05,0,16354,0,1.18E+05,1,3
20,1,0,1,0,1,3,5.37E+05,0,1.31E+05,0,1.25E+05,2,3
20,1,0,1,0,1,3,1.16E+05,0,0,0,54894,2,3
20,1,0,1,0,1,3,3.13E+05,0,16354,0,3.53E+05,2,3
20,1,0,1,0,1,3,1.43E+05,0,0,0,31368,2,3
20,1,0,1,0,1,3,1.25E+05,0,0,0,78421,2,3
20,1,0,1,0,1,3,5.37E+05,0,98125,0,5.10E+05,2,3
20,1,0,1,0,1,4,3.58E+05,0,16354,0,1.57E+05,1,3
20,1,0,1,0,1,4,5.37E+05,0,65417,0,1.96E+05,1,3
20,1,0,1,0,1,4,53657,0,0,0,39210,1,3
20,1,0,1,0,1,4,5.37E+05,0,65417,0,2.35E+05,1,3
20,1,0,1,0,1,4,2.15E+05,0,32708,0,62737,1,3
20,1,0,1,0,1,4,4.47E+05,0,0,0,54894,1,3
20,1,0,1,0,1,4,2.68E+05,0,0,0,1.02E+05,2,3
20,1,0,1,0,1,4,26828,0,0,0,31368,2,3
20,1,0,1,0,1,4,5.37E+05,0,1.64E+05,0,1.41E+05,2,3
20,1,0,1,0,1,4,80485,0,16354,0,0,2,3
20,1,0,1,0,1,4,1.34E+05,0,0,0,78421,2,3
20,1,0,1,0,1,4,2.24E+05,0,0,0,1.49E+05,2,3
21,1,0,0,1,1,1,3.58E+05,0,0,1.14E+05,6.27E+05,1,3
21,1,0,0,1,1,1,3.58E+05,0,0,49063,1.80E+05,1,3
21,1,0,0,1,1,1,3.58E+05,0,0,1.47E+05,3.14E+05,1,3
21,1,0,0,1,1,1,3.58E+05,0,0,1.14E+05,3.92E+05,1,3
21,1,0,0,1,1,1,1.79E+05,0,0,1.80E+05,39210,1,3
21,1,0,0,1,1,1,3.58E+05,0,0,65417,4.71E+05,1,3
21,1,0,0,1,1,1,3.58E+05,0,0,49063,2.35E+05,2,3
21,1,0,0,1,1,1,1.79E+05,0,0,65417,86263,2,3
21,1,0,0,1,1,1,3.13E+05,0,0,16354,1.96E+05,2,3
21,1,0,0,1,1,1,2.68E+05,0,0,1.80E+05,86263,2,3
21,1,0,0,1,1,1,1.79E+05,0,0,0,15684,2,3
21,1,0,0,1,1,1,2.68E+05,0,0,49063,1.57E+05,2,3
21,1,0,0,1,1,2,44714,0,0,49063,1.33E+05,1,3
21,1,0,0,1,1,2,1.79E+05,0,0,5.07E+05,3.37E+05,1,3
21,1,0,0,1,1,2,1.34E+05,0,0,0,2.35E+05,1,3
21,1,0,0,1,1,2,1.34E+05,0,0,0,2.35E+05,1,3
21,1,0,0,1,1,2,89428,0,0,4.91E+05,1.57E+05,1,3
21,1,0,0,1,1,2,89428,0,0,32708,1.96E+05,1,3
21,1,0,0,1,1,2,89428,0,0,16354,1.41E+05,2,3
21,1,0,0,1,1,2,17886,0,0,0,54894,2,3
21,1,0,0,1,1,2,17886,0,0,16354,2.35E+05,2,3
21,1,0,0,1,1,2,44714,0,0,49063,1.33E+05,2,3
21,1,0,0,1,1,2,80485,0,0,0,1.33E+05,2,3
21,1,0,0,1,1,2,53657,0,0,4.91E+05,3.92E+05,2,3
21,1,0,0,1,1,3,2.41E+05,0,0,0,47052,1,3
21,1,0,0,1,1,3,5.37E+05,0,0,98125,5.49E+05,1,3
21,1,0,0,1,1,3,4.47E+05,0,0,1.14E+05,2.74E+05,1,3
21,1,0,0,1,1,3,4.47E+05,0,0,98125,1.57E+05,1,3
21,1,0,0,1,1,3,1.97E+05,0,0,16354,39210,1,3
21,1,0,0,1,1,3,2.68E+05,0,0,65417,2.74E+05,1,3
21,1,0,0,1,1,3,8942.8,0,0,0,47052,2,3
21,1,0,0,1,1,3,3.04E+05,0,0,49063,2.35E+05,2,3
21,1,0,0,1,1,3,89428,0,0,0,39210,2,3
21,1,0,0,1,1,3,2.33E+05,0,0,1.96E+05,1.65E+05,2,3
21,1,0,0,1,1,3,3.58E+05,0,0,2.45E+05,2.74E+05,2,3
21,1,0,0,1,1,3,5.37E+05,0,0,2.29E+05,4.71E+05,2,3
21,1,0,0,1,1,4,5.37E+05,0,0,3.27E+05,3.92E+05,1,3
21,1,0,0,1,1,4,5.37E+05,0,0,3.27E+05,1.96E+05,1,3
21,1,0,0,1,1,4,3.58E+05,0,0,2.13E+05,1.96E+05,1,3
21,1,0,0,1,1,4,1.79E+05,0,0,65417,70579,1,3
21,1,0,0,1,1,4,2.68E+05,0,0,49063,1.57E+05,1,3
21,1,0,0,1,1,4,3.58E+05,0,0,3.27E+05,54894,1,3
21,1,0,0,1,1,4,2.15E+05,0,0,32708,54894,2,3
21,1,0,0,1,1,4,4.47E+05,0,0,1.80E+05,2.74E+05,2,3
21,1,0,0,1,1,4,3.58E+05,0,0,16354,7842.1,2,3
21,1,0,0,1,1,4,5.37E+05,0,0,1.14E+05,2.74E+05,2,3
21,1,0,0,1,1,4,4.47E+05,0,0,81771,1.57E+05,2,3
21,1,0,0,1,1,4,2.68E+05,0,0,32708,86263,2,3
22,0,1,1,1,0,1,0,1.67E+05,16354,0,0,1,3
22,0,1,1,1,0,1,0,4.45E+05,81771,16354,0,1,3
22,0,1,1,1,0,1,0,1.11E+05,81771,2.45E+05,0,1,3
22,0,1,1,1,0,1,0,3.34E+05,1.47E+05,0,0,1,3
22,0,1,1,1,0,1,0,5.57E+05,2.94E+05,16354,0,1,3
22,0,1,1,1,0,1,0,22265,1.47E+05,0,0,1,3
22,0,1,1,1,0,1,0,2.78E+05,81771,32708,0,2,3
22,0,1,1,1,0,1,0,1.00E+05,81771,16354,0,2,3
22,0,1,1,1,0,1,0,1.11E+05,65417,0,0,2,3
22,0,1,1,1,0,1,0,5.57E+05,2.13E+05,65417,0,2,3
22,0,1,1,1,0,1,0,4.45E+05,4.09E+05,16354,0,2,3
22,0,1,1,1,0,1,0,5.57E+05,2.29E+05,0,0,2,3
22,0,1,1,1,0,2,0,22265,81771,1.96E+05,0,1,3
22,0,1,1,1,0,2,0,0,16354,16354,0,1,3
22,0,1,1,1,0,2,0,1.67E+05,2.13E+05,32708,0,1,3
22,0,1,1,1,0,2,0,0,49063,49063,0,1,3
22,0,1,1,1,0,2,0,2.00E+05,1.31E+05,49063,0,1,3
22,0,1,1,1,0,2,0,66796,1.14E+05,0,0,1,3
22,0,1,1,1,0,2,0,0,16354,0,0,2,3
22,0,1,1,1,0,2,0,0,32708,49063,0,2,3
22,0,1,1,1,0,2,0,22265,49063,0,0,2,3
22,0,1,1,1,0,2,0,55663,1.47E+05,32708,0,2,3
22,0,1,1,1,0,2,0,55663,81771,1.96E+05,0,2,3
22,0,1,1,1,0,2,0,1.34E+05,2.29E+05,1.96E+05,0,2,3
22,0,1,1,1,0,3,0,3.79E+05,0,1.31E+05,0,1,3
22,0,1,1,1,0,3,0,4.45E+05,49063,1.47E+05,0,1,3
22,0,1,1,1,0,3,0,5.57E+05,2.13E+05,65417,0,1,3
22,0,1,1,1,0,3,0,5.57E+05,16354,65417,0,1,3
22,0,1,1,1,0,3,0,1.78E+05,16354,0,0,1,3
22,0,1,1,1,0,3,0,2.56E+05,0,16354,0,1,3
22,0,1,1,1,0,3,0,4.45E+05,49063,49063,0,2,3
22,0,1,1,1,0,3,0,4.01E+05,16354,0,0,2,3
22,0,1,1,1,0,3,0,5.01E+05,32708,65417,0,2,3
22,0,1,1,1,0,3,0,3.90E+05,0,0,0,2,3
22,0,1,1,1,0,3,0,5.57E+05,0,0,0,2,3
22,0,1,1,1,0,3,0,4.45E+05,0,32708,0,2,3
22,0,1,1,1,0,4,0,33398,0,9.81E+05,0,1,3
22,0,1,1,1,0,4,0,3.34E+05,0,2.62E+05,0,1,3
22,0,1,1,1,0,4,0,66796,0,49063,0,1,3
22,0,1,1,1,0,4,0,89061,0,2.13E+05,0,1,3
22,0,1,1,1,0,4,0,3.34E+05,0,98125,0,1,3
22,0,1,1,1,0,4,0,4.45E+05,0,5.72E+05,0,1,3
22,0,1,1,1,0,4,0,6.68E+05,9.81E+05,4.91E+05,0,2,3
22,0,1,1,1,0,4,0,6.68E+05,0,2.45E+05,0,2,3
22,0,1,1,1,0,4,0,33398,0,0,0,2,3
22,0,1,1,1,0,4,0,3.34E+05,16354,98125,0,2,3
22,0,1,1,1,0,4,0,5.57E+05,65417,2.13E+05,0,2,3
22,0,1,1,1,0,4,0,2.78E+05,32708,32708,0,2,3
23,0,1,1,0,1,1,0,11133,32708,0,1.10E+05,1,3
23,0,1,1,0,1,1,0,4.45E+05,1.47E+05,0,1.57E+05,1,3
23,0,1,1,0,1,1,0,6.68E+05,1.47E+05,0,5.49E+05,1,3
23,0,1,1,0,1,1,0,2.23E+05,3.27E+05,0,1.65E+05,1,3
23,0,1,1,0,1,1,0,44530,6.54E+05,0,1.25E+05,1,3
23,0,1,1,0,1,1,0,2.23E+05,2.45E+05,0,1.02E+05,1,3
23,0,1,1,0,1,1,0,0,32708,0,15684,2,3
23,0,1,1,0,1,1,0,1.67E+05,2.45E+05,0,78421,2,3
23,0,1,1,0,1,1,0,2.23E+05,49063,0,47052,2,3
23,0,1,1,0,1,1,0,5.57E+05,2.94E+05,0,1.33E+05,2,3
23,0,1,1,0,1,1,0,6.68E+05,7.36E+05,0,3.92E+05,2,3
23,0,1,1,0,1,1,0,33398,1.47E+05,0,1.96E+05,2,3
23,0,1,1,0,1,2,0,1.56E+05,2.78E+05,0,3.14E+05,1,3
23,0,1,1,0,1,2,0,2.23E+05,49063,0,1.57E+05,1,3
23,0,1,1,0,1,2,0,22265,65417,0,31368,1,3
23,0,1,1,0,1,2,0,55663,32708,0,1.25E+05,1,3
23,0,1,1,0,1,2,0,1.34E+05,49063,0,3.14E+05,1,3
23,0,1,1,0,1,2,0,1.00E+05,0,0,2.67E+05,1,3
23,0,1,1,0,1,2,0,1.34E+05,2.62E+05,0,2.51E+05,2,3
23,0,1,1,0,1,2,0,2.23E+05,4.91E+05,0,2.35E+05,2,3
23,0,1,1,0,1,2,0,0,0,0,23526,2,3
23,0,1,1,0,1,2,0,0,32708,0,1.49E+05,2,3
23,0,1,1,0,1,2,0,33398,65417,0,1.33E+05,2,3
23,0,1,1,0,1,2,0,2.34E+05,1.64E+05,0,1.41E+05,2,3
23,0,1,1,0,1,3,0,3.34E+05,49063,0,6.27E+05,1,3
23,0,1,1,0,1,3,0,3.34E+05,32708,0,4.71E+05,1,3
23,0,1,1,0,1,3,0,4.45E+05,0,0,2.35E+05,1,3
23,0,1,1,0,1,3,0,4.45E+05,65417,0,1.10E+05,1,3
23,0,1,1,0,1,3,0,4.45E+05,0,0,1.96E+05,1,3
23,0,1,1,0,1,3,0,4.45E+05,3.27E+05,0,62737,1,3
23,0,1,1,0,1,3,0,4.45E+05,0,0,23526,2,3
23,0,1,1,0,1,3,0,4.45E+05,0,0,1.02E+05,2,3
23,0,1,1,0,1,3,0,2.67E+05,0,0,5.49E+05,2,3
23,0,1,1,0,1,3,0,4.45E+05,16354,0,4.71E+05,2,3
23,0,1,1,0,1,3,0,4.45E+05,0,0,86263,2,3
23,0,1,1,0,1,3,0,4.45E+05,16354,0,1.57E+05,2,3
23,0,1,1,0,1,4,0,1.00E+05,0,0,47052,1,3
23,0,1,1,0,1,4,0,3.34E+05,32708,0,2.35E+05,1,3
23,0,1,1,0,1,4,0,6.68E+05,16354,0,1.96E+05,1,3
23,0,1,1,0,1,4,0,6.68E+05,4.91E+05,0,3.92E+05,1,3
23,0,1,1,0,1,4,0,3.34E+05,0,0,2.20E+05,1,3
23,0,1,1,0,1,4,0,4.45E+05,49063,0,1.96E+05,1,3
23,0,1,1,0,1,4,0,2.45E+05,16354,0,1.10E+05,2,3
23,0,1,1,0,1,4,0,3.34E+05,0,0,1.65E+05,2,3
23,0,1,1,0,1,4,0,6.68E+05,0,0,15684,2,3
23,0,1,1,0,1,4,0,66796,32708,0,23526,2,3
23,0,1,1,0,1,4,0,5.57E+05,0,0,3.14E+05,2,3
23,0,1,1,0,1,4,0,3.34E+05,49063,0,70579,2,3
24,0,1,0,1,1,1,0,55663,0,0,23526,1,3
24,0,1,0,1,1,1,0,1.45E+05,0,16354,39210,1,3
24,0,1,0,1,1,1,0,5.57E+05,0,1.80E+05,3.14E+05,1,3
24,0,1,0,1,1,1,0,0,0,81771,1.80E+05,1,3
24,0,1,0,1,1,1,0,3.34E+05,0,32708,2.35E+05,1,3
24,0,1,0,1,1,1,0,1.67E+05,0,81771,1.80E+05,1,3
24,0,1,0,1,1,1,0,22265,0,32708,7842.1,2,3
24,0,1,0,1,1,1,0,2.78E+05,0,65417,31368,2,3
24,0,1,0,1,1,1,0,4.45E+05,0,0,70579,2,3
24,0,1,0,1,1,1,0,22265,0,81771,31368,2,3
24,0,1,0,1,1,1,0,2.23E+05,0,16354,62737,2,3
24,0,1,0,1,1,1,0,3.90E+05,0,1.14E+05,78421,2,3
24,0,1,0,1,1,2,0,66796,0,0,3.14E+05,1,3
24,0,1,0,1,1,2,0,1.56E+05,0,98125,1.57E+05,1,3
24,0,1,0,1,1,2,0,66796,0,81771,1.96E+05,1,3
24,0,1,0,1,1,2,0,1.22E+05,0,49063,1.96E+05,1,3
24,0,1,0,1,1,2,0,1.56E+05,0,6.54E+05,7.06E+05,1,3
24,0,1,0,1,1,2,0,1.22E+05,0,1.31E+05,1.57E+05,1,3
24,0,1,0,1,1,2,0,22265,0,0,1.33E+05,2,3
24,0,1,0,1,1,2,0,33398,0,32708,1.02E+05,2,3
24,0,1,0,1,1,2,0,1.22E+05,0,98125,1.02E+05,2,3
24,0,1,0,1,1,2,0,22265,0,1.14E+05,1.18E+05,2,3
24,0,1,0,1,1,2,0,22265,0,16354,1.10E+05,2,3
24,0,1,0,1,1,2,0,1.22E+05,0,3.27E+05,86263,2,3
24,0,1,0,1,1,3,0,4.45E+05,0,2.45E+05,2.35E+05,1,3
24,0,1,0,1,1,3,0,4.45E+05,0,81771,5.49E+05,1,3
24,0,1,0,1,1,3,0,4.45E+05,0,1.64E+05,1.10E+05,1,3
24,0,1,0,1,1,3,0,4.45E+05,0,0,70579,1,3
24,0,1,0,1,1,3,0,4.45E+05,0,0,39210,1,3
24,0,1,0,1,1,3,0,4.45E+05,0,65417,1.33E+05,1,3
24,0,1,0,1,1,3,0,5.57E+05,0,65417,1.10E+05,2,3
24,0,1,0,1,1,3,0,4.45E+05,0,81771,2.51E+05,2,3
24,0,1,0,1,1,3,0,4.45E+05,0,98125,1.33E+05,2,3
24,0,1,0,1,1,3,0,5.57E+05,0,1.14E+05,3.53E+05,2,3
24,0,1,0,1,1,3,0,5.57E+05,0,1.14E+05,86263,2,3
24,0,1,0,1,1,3,0,4.45E+05,0,49063,4.71E+05,2,3
24,0,1,0,1,1,4,0,3.34E+05,0,2.13E+05,1.96E+05,1,3
24,0,1,0,1,1,4,0,55663,0,1.31E+05,1.57E+05,1,3
24,0,1,0,1,1,4,0,6.68E+05,0,3.76E+05,3.92E+05,1,3
24,0,1,0,1,1,4,0,0,0,65417,7842.1,1,3
24,0,1,0,1,1,4,0,1.56E+05,0,32708,86263,1,3
24,0,1,0,1,1,4,0,6.68E+05,0,1.47E+05,1.57E+05,1,3
24,0,1,0,1,1,4,0,1.67E+05,0,1.80E+05,1.96E+05,2,3
24,0,1,0,1,1,4,0,1.22E+05,0,98125,86263,2,3
24,0,1,0,1,1,4,0,5.57E+05,0,1.80E+05,62737,2,3
24,0,1,0,1,1,4,0,5.57E+05,0,3.27E+05,2.35E+05,2,3
24,0,1,0,1,1,4,0,55663,0,1.14E+05,1.02E+05,2,3
24,0,1,0,1,1,4,0,5.57E+05,0,1.96E+05,3.14E+05,2,3
25,0,0,1,1,1,1,0,0,0,2.78E+05,62737,1,3
25,0,0,1,1,1,1,0,0,0,32708,23526,1,3
25,0,0,1,1,1,1,0,0,0,32708,1.02E+05,1,3
25,0,0,1,1,1,1,0,0,0,5.72E+05,7842.1,1,3
25,0,0,1,1,1,1,0,0,0,2.29E+05,1.57E+05,1,3
25,0,0,1,1,1,1,0,0,0,1.80E+05,7842.1,1,3
25,0,0,1,1,1,1,0,0,0,1.96E+05,0,2,3
25,0,0,1,1,1,1,0,0,0,65417,0,2,3
25,0,0,1,1,1,1,0,0,0,49063,2.51E+05,2,3
25,0,0,1,1,1,1,0,0,0,1.31E+06,0,2,3
25,0,0,1,1,1,1,0,0,0,32708,39210,2,3
25,0,0,1,1,1,1,0,0,0,32708,0,2,3
25,0,0,1,1,1,2,0,0,5.07E+05,0,0,1,3
25,0,0,1,1,1,2,0,0,1.80E+05,0,0,1,3
25,0,0,1,1,1,2,0,0,32708,16354,0,1,3
25,0,0,1,1,1,2,0,0,1.96E+05,0,0,1,3
25,0,0,1,1,1,2,0,0,32708,0,0,1,3
25,0,0,1,1,1,2,0,0,49063,0,0,1,3
25,0,0,1,1,1,2,0,0,16354,16354,0,2,3
25,0,0,1,1,1,2,0,0,98125,16354,0,2,3
25,0,0,1,1,1,2,0,0,65417,16354,0,2,3
25,0,0,1,1,1,2,0,0,49063,2.45E+05,0,2,3
25,0,0,1,1,1,2,0,0,16354,65417,0,2,3
25,0,0,1,1,1,2,0,0,16354,0,0,2,3
25,0,0,1,1,1,3,0,0,32708,32708,3.14E+05,1,3
25,0,0,1,1,1,3,0,0,0,0,6.27E+05,1,3
25,0,0,1,1,1,3,0,0,0,0,54894,1,3
25,0,0,1,1,1,3,0,0,0,0,31368,1,3
25,0,0,1,1,1,3,0,0,0,0,15684,1,3
25,0,0,1,1,1,3,0,0,0,16354,54894,1,3
25,0,0,1,1,1,3,0,0,0,0,15684,2,3
25,0,0,1,1,1,3,0,0,0,0,1.49E+05,2,3
25,0,0,1,1,1,3,0,0,0,16354,1.02E+05,2,3
25,0,0,1,1,1,3,0,0,0,0,2.35E+05,2,3
25,0,0,1,1,1,3,0,0,0,0,2.35E+05,2,3
25,0,0,1,1,1,3,0,0,0,0,7842.1,2,3
25,0,0,1,1,1,4,0,0,0,3.11E+05,23526,1,3
25,0,0,1,1,1,4,0,0,0,6.54E+05,1.57E+05,1,3
25,0,0,1,1,1,4,0,0,16354,1.64E+05,1.25E+05,1,3
25,0,0,1,1,1,4,0,0,0,16354,7842.1,1,3
25,0,0,1,1,1,4,0,0,0,49063,31368,1,3
25,0,0,1,1,1,4,0,0,32708,1.14E+05,1.18E+05,1,3
25,0,0,1,1,1,4,0,0,1.14E+05,2.94E+05,31368,2,3
25,0,0,1,1,1,4,0,0,0,1.31E+05,1.18E+05,2,3
25,0,0,1,1,1,4,0,0,0,1.14E+05,86263,2,3
25,0,0,1,1,1,4,0,0,0,65417,39210,2,3
25,0,0,1,1,1,4,0,0,0,16354,47052,2,3
25,0,0,1,1,1,4,0,0,0,0,31368,2,3
26,1,1,1,1,0,1,3.13E+05,1.00E+05,81771,16354,0,1,4
26,1,1,1,1,0,1,3.13E+05,1.67E+05,49063,49063,0,1,4
26,1,1,1,1,0,1,4.47E+05,1.34E+05,3.60E+05,98125,0,1,4
26,1,1,1,1,0,1,2.68E+05,55663,0,49063,0,1,4
26,1,1,1,1,0,1,2.24E+05,89061,1.31E+05,32708,0,1,4
26,1,1,1,1,0,1,3.58E+05,66796,16354,32708,0,1,4
26,1,1,1,1,0,1,3.58E+05,55663,81771,16354,0,2,4
26,1,1,1,1,0,1,62600,11133,0,32708,0,2,4
26,1,1,1,1,0,1,17886,1.11E+05,0,1.47E+05,0,2,4
26,1,1,1,1,0,1,1.07E+05,11133,16354,98125,0,2,4
26,1,1,1,1,0,1,3.58E+05,1.11E+05,16354,32708,0,2,4
26,1,1,1,1,0,1,1.79E+05,1.11E+05,2.13E+05,16354,0,2,4
26,1,1,1,1,0,2,53657,22265,1.14E+05,2.78E+05,0,1,4
26,1,1,1,1,0,2,98371,55663,1.96E+05,3.27E+05,0,1,4
26,1,1,1,1,0,2,1.34E+05,33398,2.13E+05,3.60E+05,0,1,4
26,1,1,1,1,0,2,1.34E+05,22265,2.29E+05,2.62E+05,0,1,4
26,1,1,1,1,0,2,1.07E+05,0,4.91E+05,6.54E+05,0,1,4
26,1,1,1,1,0,2,1.88E+05,1.56E+05,3.93E+05,3.93E+05,0,1,4
26,1,1,1,1,0,2,71543,33398,1.64E+05,1.31E+05,0,2,4
26,1,1,1,1,0,2,80485,55663,3.60E+05,6.54E+05,0,2,4
26,1,1,1,1,0,2,1.25E+05,55663,2.29E+05,5.56E+05,0,2,4
26,1,1,1,1,0,2,1.34E+05,89061,81771,2.45E+05,0,2,4
26,1,1,1,1,0,2,17886,55663,32708,49063,0,2,4
26,1,1,1,1,0,2,98371,66796,65417,1.64E+05,0,2,4
26,1,1,1,1,0,3,89428,4.45E+05,16354,0,0,1,4
26,1,1,1,1,0,3,5.37E+05,2.56E+05,3.60E+05,1.80E+05,0,1,4
26,1,1,1,1,0,3,4.20E+05,4.45E+05,49063,16354,0,1,4
26,1,1,1,1,0,3,2.68E+05,4.12E+05,0,16354,0,1,4
26,1,1,1,1,0,3,4.47E+05,2.67E+05,16354,32708,0,1,4
26,1,1,1,1,0,3,5.37E+05,0,0,3.76E+05,0,1,4
26,1,1,1,1,0,3,80485,1.78E+05,0,0,0,2,4
26,1,1,1,1,0,3,1.61E+05,5.57E+05,0,0,0,2,4
26,1,1,1,1,0,3,1.43E+05,5.57E+05,6.54E+05,16354,0,2,4
26,1,1,1,1,0,3,35771,3.34E+05,16354,0,0,2,4
26,1,1,1,1,0,3,1.52E+05,4.45E+05,81771,0,0,2,4
26,1,1,1,1,0,3,3.58E+05,2.23E+05,4.58E+05,1.64E+05,0,2,4
26,1,1,1,1,0,4,62600,33398,0,16354,0,1,4
26,1,1,1,1,0,4,5.37E+05,1.34E+05,4.42E+05,8.18E+05,0,1,4
26,1,1,1,1,0,4,62600,0,0,1.64E+05,0,1,4
26,1,1,1,1,0,4,3.58E+05,66796,16354,16354,0,1,4
26,1,1,1,1,0,4,89428,0,3.43E+05,0,0,1,4
26,1,1,1,1,0,4,1.79E+05,22265,81771,3.27E+05,0,1,4
26,1,1,1,1,0,4,1.07E+05,3.90E+05,0,0,0,2,4
26,1,1,1,1,0,4,5.37E+05,89061,6.54E+05,6.54E+05,0,2,4
26,1,1,1,1,0,4,5.37E+05,0,1.31E+05,65417,0,2,4
26,1,1,1,1,0,4,1.70E+05,44530,16354,49063,0,2,4
26,1,1,1,1,0,4,1.70E+05,11133,16354,32708,0,2,4
26,1,1,1,1,0,4,3.58E+05,11133,81771,65417,0,2,4
27,1,1,1,0,1,1,2.24E+05,77928,16354,0,2.67E+05,1,4
27,1,1,1,0,1,1,4.47E+05,77928,3.60E+05,0,1.80E+05,1,4
27,1,1,1,0,1,1,2.68E+05,1.22E+05,16354,0,2.35E+05,1,4
27,1,1,1,0,1,1,2.24E+05,44530,49063,0,2.67E+05,1,4
27,1,1,1,0,1,1,3.58E+05,44530,1.14E+05,0,94105,1,4
27,1,1,1,0,1,1,3.13E+05,1.00E+05,16354,0,1.73E+05,1,4
27,1,1,1,0,1,1,3.58E+05,33398,16354,0,1.80E+05,2,4
27,1,1,1,0,1,1,2.24E+05,11133,0,0,3.22E+05,2,4
27,1,1,1,0,1,1,1.79E+05,44530,98125,0,62737,2,4
27,1,1,1,0,1,1,1.52E+05,1.00E+05,16354,0,1.80E+05,2,4
27,1,1,1,0,1,1,17886,1.11E+05,49063,0,2.04E+05,2,4
27,1,1,1,0,1,1,1.34E+05,44530,2.78E+05,0,1.65E+05,2,4
27,1,1,1,0,1,2,53657,66796,5.72E+05,0,3.14E+05,1,4
27,1,1,1,0,1,2,44714,33398,16354,0,3.14E+05,1,4
27,1,1,1,0,1,2,53657,33398,0,0,1.73E+05,1,4
27,1,1,1,0,1,2,2.06E+05,1.22E+05,1.80E+05,0,1.96E+05,1,4
27,1,1,1,0,1,2,2.68E+05,66796,98125,0,2.43E+05,1,4
27,1,1,1,0,1,2,44714,55663,32708,0,1.57E+05,1,4
27,1,1,1,0,1,2,1.79E+05,22265,16354,0,78421,2,4
27,1,1,1,0,1,2,98371,22265,0,0,1.57E+05,2,4
27,1,1,1,0,1,2,17886,0,32708,0,39210,2,4
27,1,1,1,0,1,2,0,22265,65417,0,86263,2,4
27,1,1,1,0,1,2,80485,66796,3.93E+05,0,1.18E+05,2,4
27,1,1,1,0,1,2,1.07E+05,55663,32708,0,2.35E+05,2,4
27,1,1,1,0,1,3,5.37E+05,33398,16354,0,2.35E+05,1,4
27,1,1,1,0,1,3,2.24E+05,4.45E+05,16354,0,78421,1,4
27,1,1,1,0,1,3,3.13E+05,3.34E+05,0,0,4.71E+05,1,4
27,1,1,1,0,1,3,1.16E+05,3.90E+05,0,0,3.92E+05,1,4
27,1,1,1,0,1,3,1.07E+05,2.34E+05,0,0,31368,1,4
27,1,1,1,0,1,3,1.79E+05,5.57E+05,32708,0,2.04E+05,1,4
27,1,1,1,0,1,3,89428,1.56E+05,0,0,31368,2,4
27,1,1,1,0,1,3,1.79E+05,5.57E+05,16354,0,1.41E+05,2,4
27,1,1,1,0,1,3,2.59E+05,4.45E+05,0,0,1.49E+05,2,4
27,1,1,1,0,1,3,53657,2.78E+05,0,0,23526,2,4
27,1,1,1,0,1,3,1.34E+05,4.45E+05,0,0,15684,2,4
27,1,1,1,0,1,3,3.67E+05,5.57E+05,0,0,1.96E+05,2,4
27,1,1,1,0,1,4,1.52E+05,1.45E+05,16354,0,70579,1,4
27,1,1,1,0,1,4,4.47E+05,3.45E+05,16354,0,2.35E+05,1,4
27,1,1,1,0,1,4,3.58E+05,66796,0,0,78421,1,4
27,1,1,1,0,1,4,2.68E+05,55663,0,0,1.02E+05,1,4
27,1,1,1,0,1,4,2.68E+05,11133,0,0,39210,1,4
27,1,1,1,0,1,4,5.37E+05,1.22E+05,32708,0,78421,1,4
27,1,1,1,0,1,4,2.24E+05,0,32708,0,94105,2,4
27,1,1,1,0,1,4,4.47E+05,1.78E+05,3.27E+05,0,70579,2,4
27,1,1,1,0,1,4,1.34E+05,0,49063,0,62737,2,4
27,1,1,1,0,1,4,1.79E+05,1.56E+05,1.31E+05,0,86263,2,4
27,1,1,1,0,1,4,1.79E+05,0,0,0,62737,2,4
27,1,1,1,0,1,4,2.68E+05,0,0,0,86263,2,4
28,1,1,0,1,1,1,1.79E+05,89061,0,49063,5.49E+05,1,4
28,1,1,0,1,1,1,3.58E+05,89061,0,1.14E+05,3.14E+05,1,4
28,1,1,0,1,1,1,3.58E+05,44530,0,16354,4.71E+05,1,4
28,1,1,0,1,1,1,4.47E+05,0,0,0,1.57E+05,1,4
28,1,1,0,1,1,1,5.37E+05,1.00E+05,0,98125,2.12E+05,1,4
28,1,1,0,1,1,1,3.58E+05,1.34E+05,0,16354,94105,1,4
28,1,1,0,1,1,1,2.24E+05,33398,0,32708,86263,2,4
28,1,1,0,1,1,1,3.13E+05,0,0,49063,3.14E+05,2,4
28,1,1,0,1,1,1,1.79E+05,11133,0,32708,94105,2,4
28,1,1,0,1,1,1,3.13E+05,55663,0,1.80E+05,5.49E+05,2,4
28,1,1,0,1,1,1,1.07E+05,33398,0,16354,4.71E+05,2,4
28,1,1,0,1,1,1,2.68E+05,22265,0,98125,5.49E+05,2,4
28,1,1,0,1,1,2,1.34E+05,66796,0,32708,4.71E+05,1,4
28,1,1,0,1,1,2,1.07E+05,22265,0,1.80E+05,3.92E+05,1,4
28,1,1,0,1,1,2,2.06E+05,33398,0,49063,4.71E+05,1,4
28,1,1,0,1,1,2,1.07E+05,0,0,49063,3.14E+05,1,4
28,1,1,0,1,1,2,98371,22265,0,3.27E+05,1.96E+05,1,4
28,1,1,0,1,1,2,1.79E+05,33398,0,3.43E+05,1.96E+05,1,4
28,1,1,0,1,1,2,1.07E+05,33398,0,1.80E+05,1.57E+05,2,4
28,1,1,0,1,1,2,1.07E+05,22265,0,1.14E+05,3.14E+05,2,4
28,1,1,0,1,1,2,1.07E+05,89061,0,2.62E+05,1.96E+05,2,4
28,1,1,0,1,1,2,53657,1.22E+05,0,49063,2.35E+05,2,4
28,1,1,0,1,1,2,1.25E+05,0,0,65417,1.25E+05,2,4
28,1,1,0,1,1,2,1.07E+05,0,0,32708,94105,2,4
28,1,1,0,1,1,3,2.68E+05,4.45E+05,0,81771,1.73E+05,1,4
28,1,1,0,1,1,3,71543,4.45E+05,0,16354,1.33E+05,1,4
28,1,1,0,1,1,3,17886,1.67E+05,0,0,31368,1,4
28,1,1,0,1,1,3,2.77E+05,4.45E+05,0,16354,3.61E+05,1,4
28,1,1,0,1,1,3,26828,1.67E+05,0,16354,78421,1,4
28,1,1,0,1,1,3,80485,1.89E+05,0,0,39210,1,4
28,1,1,0,1,1,3,98371,4.45E+05,0,0,1.25E+05,2,4
28,1,1,0,1,1,3,80485,3.90E+05,0,0,15684,2,4
28,1,1,0,1,1,3,5.37E+05,2.34E+05,0,0,4.71E+05,2,4
28,1,1,0,1,1,3,3.13E+05,3.90E+05,0,0,2.74E+05,2,4
28,1,1,0,1,1,3,53657,2.89E+05,0,0,31368,2,4
28,1,1,0,1,1,3,2.06E+05,3.34E+05,0,0,3.14E+05,2,4
28,1,1,0,1,1,4,3.58E+05,2.23E+05,0,81771,1.18E+05,1,4
28,1,1,0,1,1,4,3.13E+05,11133,0,98125,62737,1,4
28,1,1,0,1,1,4,1.61E+05,66796,0,1.96E+05,1.49E+05,1,4
28,1,1,0,1,1,4,1.79E+05,1.45E+05,0,81771,39210,1,4
28,1,1,0,1,1,4,1.79E+05,66796,0,1.80E+05,94105,1,4
28,1,1,0,1,1,4,2.24E+05,77928,0,1.96E+05,94105,1,4
28,1,1,0,1,1,4,3.58E+05,11133,0,1.64E+05,1.96E+05,2,4
28,1,1,0,1,1,4,17886,0,0,32708,1.02E+05,2,4
28,1,1,0,1,1,4,1.70E+05,55663,0,98125,2.35E+05,2,4
28,1,1,0,1,1,4,1.16E+05,22265,0,1.64E+05,47052,2,4
28,1,1,0,1,1,4,4.47E+05,89061,0,1.14E+05,1.18E+05,2,4
28,1,1,0,1,1,4,4.02E+05,77928,0,1.47E+05,23526,2,4
29,1,0,1,1,1,1,1.07E+05,0,0,49063,1.96E+05,1,4
29,1,0,1,1,1,1,71543,0,0,81771,1.80E+05,1,4
29,1,0,1,1,1,1,2.24E+05,0,0,1.31E+05,1.80E+05,1,4
29,1,0,1,1,1,1,4.47E+05,0,0,16354,3.14E+05,1,4
29,1,0,1,1,1,1,2.24E+05,0,0,65417,2.51E+05,1,4
29,1,0,1,1,1,1,1.43E+05,0,0,32708,3.14E+05,1,4
29,1,0,1,1,1,1,3.13E+05,0,0,98125,2.35E+05,2,4
29,1,0,1,1,1,1,2.86E+05,0,0,65417,2.27E+05,2,4
29,1,0,1,1,1,1,1.34E+05,0,0,2.45E+05,1.57E+05,2,4
29,1,0,1,1,1,1,89428,0,0,98125,1.10E+05,2,4
29,1,0,1,1,1,1,1.34E+05,0,0,32708,1.25E+05,2,4
29,1,0,1,1,1,1,0,0,0,16354,4.71E+05,2,4
29,1,0,1,1,1,2,1.34E+05,0,1.64E+05,49063,4.71E+05,1,4
29,1,0,1,1,1,2,2.06E+05,0,5.23E+05,49063,4.71E+05,1,4
29,1,0,1,1,1,2,1.34E+05,0,6.54E+05,1.96E+05,3.92E+05,1,4
29,1,0,1,1,1,2,1.07E+05,0,0,49063,1.57E+05,1,4
29,1,0,1,1,1,2,1.61E+05,0,16354,2.78E+05,1.96E+05,1,4
29,1,0,1,1,1,2,1.34E+05,0,65417,49063,2.51E+05,1,4
29,1,0,1,1,1,2,1.07E+05,0,16354,32708,1.96E+05,2,4
29,1,0,1,1,1,2,1.79E+05,0,3.60E+05,2.62E+05,1.96E+05,2,4
29,1,0,1,1,1,2,80485,0,32708,98125,1.02E+05,2,4
29,1,0,1,1,1,2,2.06E+05,0,49063,2.94E+05,1.96E+05,2,4
29,1,0,1,1,1,2,44714,0,16354,2.62E+05,1.33E+05,2,4
29,1,0,1,1,1,2,71543,0,16354,1.64E+05,94105,2,4
29,1,0,1,1,1,3,5.37E+05,0,0,1.31E+05,3.76E+05,1,4
29,1,0,1,1,1,3,5.37E+05,0,0,16354,1.96E+05,1,4
29,1,0,1,1,1,3,2.68E+05,0,0,32708,94105,1,4
29,1,0,1,1,1,3,5.37E+05,0,0,0,1.02E+05,1,4
29,1,0,1,1,1,3,2.15E+05,0,0,0,1.65E+05,1,4
29,1,0,1,1,1,3,3.58E+05,0,16354,0,1.02E+05,1,4
29,1,0,1,1,1,3,3.13E+05,0,16354,0,1.02E+05,2,4
29,1,0,1,1,1,3,3.40E+05,0,0,0,2.74E+05,2,4
29,1,0,1,1,1,3,2.24E+05,0,0,0,1.57E+05,2,4
29,1,0,1,1,1,3,3.58E+05,0,0,0,1.65E+05,2,4
29,1,0,1,1,1,3,80485,0,0,32708,47052,2,4
29,1,0,1,1,1,3,2.24E+05,0,0,16354,78421,2,4
29,1,0,1,1,1,4,80485,0,0,49063,62737,1,4
29,1,0,1,1,1,4,2.68E+05,0,65417,1.31E+05,1.57E+05,1,4
29,1,0,1,1,1,4,4.47E+05,0,0,1.96E+05,2.20E+05,1,4
29,1,0,1,1,1,4,2.24E+05,0,16354,32708,39210,1,4
29,1,0,1,1,1,4,3.58E+05,0,16354,0,4.71E+05,1,4
29,1,0,1,1,1,4,3.13E+05,0,0,1.47E+05,3.14E+05,1,4
29,1,0,1,1,1,4,17886,0,0,49063,0,2,4
29,1,0,1,1,1,4,1.79E+05,0,16354,32708,15684,2,4
29,1,0,1,1,1,4,26828,0,0,98125,15684,2,4
29,1,0,1,1,1,4,1.34E+05,0,16354,81771,54894,2,4
29,1,0,1,1,1,4,2.24E+05,0,0,49063,0,2,4
29,1,0,1,1,1,4,1.25E+05,0,0,65417,70579,2,4
30,0,1,1,1,1,1,0,5.57E+05,32708,49063,1.80E+05,1,4
30,0,1,1,1,1,1,0,6.68E+05,49063,49063,2.27E+05,1,4
30,0,1,1,1,1,1,0,4.45E+05,32708,65417,2.27E+05,1,4
30,0,1,1,1,1,1,0,1.56E+05,49063,65417,2.43E+05,1,4
30,0,1,1,1,1,1,0,4.45E+05,32708,98125,1.18E+05,1,4
30,0,1,1,1,1,1,0,3.34E+05,0,16354,78421,1,4
30,0,1,1,1,1,1,0,4.45E+05,0,32708,2.43E+05,2,4
30,0,1,1,1,1,1,0,5.57E+05,0,49063,1.73E+05,2,4
30,0,1,1,1,1,1,0,11133,49063,16354,1.10E+05,2,4
30,0,1,1,1,1,1,0,6.68E+05,98125,98125,1.88E+05,2,4
30,0,1,1,1,1,1,0,2.23E+05,16354,1.31E+05,3.92E+05,2,4
30,0,1,1,1,1,1,0,5.57E+05,1.14E+05,0,2.35E+05,2,4
30,0,1,1,1,1,2,0,0,16354,16354,1.96E+05,1,4
30,0,1,1,1,1,2,0,1.67E+05,6.54E+05,0,4.71E+05,1,4
30,0,1,1,1,1,2,0,1.34E+05,16354,0,3.92E+05,1,4
30,0,1,1,1,1,2,0,1.34E+05,49063,0,2.74E+05,1,4
30,0,1,1,1,1,2,0,1.34E+05,49063,0,3.14E+05,1,4
30,0,1,1,1,1,2,0,0,0,0,1.57E+05,1,4
30,0,1,1,1,1,2,0,1.34E+05,49063,0,1.73E+05,2,4
30,0,1,1,1,1,2,0,1.34E+05,16354,0,1.96E+05,2,4
30,0,1,1,1,1,2,0,1.00E+05,16354,0,1.65E+05,2,4
30,0,1,1,1,1,2,0,55663,16354,0,1.57E+05,2,4
30,0,1,1,1,1,2,0,0,0,0,70579,2,4
30,0,1,1,1,1,2,0,2.56E+05,3.43E+05,2.62E+05,70579,2,4
30,0,1,1,1,1,3,0,3.34E+05,16354,0,1.73E+05,1,4
30,0,1,1,1,1,3,0,4.45E+05,0,0,70579,1,4
30,0,1,1,1,1,3,0,3.34E+05,0,0,31368,1,4
30,0,1,1,1,1,3,0,3.34E+05,81771,1.96E+05,1.57E+05,1,4
30,0,1,1,1,1,3,0,3.34E+05,0,0,62737,1,4
30,0,1,1,1,1,3,0,4.45E+05,0,0,86263,1,4
30,0,1,1,1,1,3,0,4.45E+05,8.18E+05,32708,54894,2,4
30,0,1,1,1,1,3,0,5.57E+05,16354,0,1.33E+05,2,4
30,0,1,1,1,1,3,0,4.45E+05,0,0,1.96E+05,2,4
30,0,1,1,1,1,3,0,3.34E+05,16354,0,70579,2,4
30,0,1,1,1,1,3,0,4.45E+05,32708,32708,78421,2,4
30,0,1,1,1,1,3,0,3.34E+05,1.31E+05,0,2.35E+05,2,4
30,0,1,1,1,1,4,0,6.68E+05,49063,1.47E+05,2.35E+05,1,4
30,0,1,1,1,1,4,0,6.68E+05,16354,98125,94105,1,4
30,0,1,1,1,1,4,0,4.45E+05,2.13E+05,5.72E+05,1.57E+05,1,4
30,0,1,1,1,1,4,0,5.57E+05,32708,98125,1.02E+05,1,4
30,0,1,1,1,1,4,0,2.78E+05,16354,81771,62737,1,4
30,0,1,1,1,1,4,0,2.23E+05,0,1.80E+05,1.02E+05,1,4
30,0,1,1,1,1,4,0,3.90E+05,0,2.45E+05,2.35E+05,2,4
30,0,1,1,1,1,4,0,2.78E+05,16354,81771,62737,2,4
30,0,1,1,1,1,4,0,1.11E+05,0,65417,39210,2,4
30,0,1,1,1,1,4,0,1.34E+05,16354,98125,1.02E+05,2,4
30,0,1,1,1,1,4,0,6.68E+05,3.76E+05,3.60E+05,0,2,4
30,0,1,1,1,1,4,0,2.23E+05,0,2.94E+05,15684,2,4
31,1,1,1,1,1,1,2.24E+05,1.00E+05,32708,81771,3.29E+05,1,5
31,1,1,1,1,1,1,2.68E+05,3.34E+05,5.72E+05,81771,3.14E+05,1,5
31,1,1,1,1,1,1,1.79E+05,1.00E+05,65417,81771,3.92E+05,1,5
31,1,1,1,1,1,1,1.34E+05,1.78E+05,16354,1.31E+05,1.49E+05,1,5
31,1,1,1,1,1,1,1.79E+05,44530,0,98125,1.41E+05,1,5
31,1,1,1,1,1,1,1.34E+05,22265,32708,3.43E+05,3.14E+05,1,5
31,1,1,1,1,1,1,8942.8,11133,0,16354,2.51E+05,2,5
31,1,1,1,1,1,1,44714,0,49063,0,1.96E+05,2,5
31,1,1,1,1,1,1,1.34E+05,66796,2.62E+05,32708,1.25E+05,2,5
31,1,1,1,1,1,1,2.68E+05,0,81771,1.31E+05,3.22E+05,2,5
31,1,1,1,1,1,1,26828,0,16354,1.31E+05,3.92E+05,2,5
31,1,1,1,1,1,1,1.79E+05,0,49063,32708,1.33E+05,2,5
31,1,1,1,1,1,2,1.34E+05,33398,0,49063,4.71E+05,1,5
31,1,1,1,1,1,2,1.07E+05,0,0,81771,3.92E+05,1,5
31,1,1,1,1,1,2,71543,0,16354,65417,1.80E+05,1,5
31,1,1,1,1,1,2,71543,33398,16354,81771,1.41E+05,1,5
31,1,1,1,1,1,2,1.34E+05,33398,16354,1.31E+05,2.74E+05,1,5
31,1,1,1,1,1,2,1.34E+05,33398,3.27E+05,49063,3.53E+05,1,5
31,1,1,1,1,1,2,1.34E+05,33398,1.80E+05,1.31E+05,1.57E+05,2,5
31,1,1,1,1,1,2,2.06E+05,0,49063,16354,3.14E+05,2,5
31,1,1,1,1,1,2,2.06E+05,66796,3.43E+05,0,2.35E+05,2,5
31,1,1,1,1,1,2,1.79E+05,55663,6.54E+05,49063,1.96E+05,2,5
31,1,1,1,1,1,2,53657,55663,16354,1.31E+05,1.41E+05,2,5
31,1,1,1,1,1,2,53657,33398,16354,32708,1.41E+05,2,5
31,1,1,1,1,1,3,5.37E+05,3.34E+05,16354,0,4.71E+05,1,5
31,1,1,1,1,1,3,2.24E+05,6.68E+05,0,0,7842.1,1,5
31,1,1,1,1,1,3,4.47E+05,2.78E+05,16354,0,2.35E+05,1,5
31,1,1,1,1,1,3,5.37E+05,4.45E+05,16354,16354,2.35E+05,1,5
31,1,1,1,1,1,3,5.37E+05,4.45E+05,81771,0,1.80E+05,1,5
31,1,1,1,1,1,3,98371,2.45E+05,0,0,4.71E+05,1,5
31,1,1,1,1,1,3,26828,2.56E+05,0,0,15684,2,5
31,1,1,1,1,1,3,71543,4.45E+05,0,0,15684,2,5
31,1,1,1,1,1,3,3.58E+05,66796,32708,0,5.49E+05,2,5
31,1,1,1,1,1,3,1.70E+05,4.45E+05,65417,16354,1.57E+05,2,5
31,1,1,1,1,1,3,2.68E+05,3.34E+05,49063,0,2.74E+05,2,5
31,1,1,1,1,1,3,1.97E+05,3.34E+05,0,32708,1.02E+05,2,5
31,1,1,1,1,1,4,1.79E+05,11133,16354,1.64E+05,86263,1,5
31,1,1,1,1,1,4,1.34E+05,33398,16354,81771,47052,1,5
31,1,1,1,1,1,4,3.58E+05,77928,0,1.96E+05,1.57E+05,1,5
31,1,1,1,1,1,4,71543,0,0,1.31E+05,78421,1,5
31,1,1,1,1,1,4,80485,11133,0,32708,70579,1,5
31,1,1,1,1,1,4,1.16E+05,66796,0,32708,86263,1,5
31,1,1,1,1,1,4,1.16E+05,11133,0,81771,1.25E+05,2,5
31,1,1,1,1,1,4,2.24E+05,0,16354,1.31E+05,86263,2,5
31,1,1,1,1,1,4,8942.8,0,0,16354,39210,2,5
31,1,1,1,1,1,4,62600,22265,16354,1.80E+05,15684,2,5
31,1,1,1,1,1,4,3.58E+05,66796,49063,98125,2.35E+05,2,5
31,1,1,1,1,1,4,2.68E+05,66796,0,1.47E+05,1.96E+05,2,5
32,0,0,0,0,0,1,0,0,0,0,0,1,0
32,0,0,0,0,0,1,0,0,0,0,0,1,0
32,0,0,0,0,0,1,0,0,0,0,0,1,0
32,0,0,0,0,0,1,0,0,0,0,0,1,0
32,0,0,0,0,0,1,0,0,0,0,0,1,0
32,0,0,0,0,0,1,0,0,0,0,0,1,0
32,0,0,0,0,0,1,0,0,0,0,0,2,0
32,0,0,0,0,0,1,0,0,0,0,0,2,0
32,0,0,0,0,0,1,0,0,0,0,0,2,0
32,0,0,0,0,0,1,0,0,0,0,0,2,0
32,0,0,0,0,0,1,0,0,0,0,0,2,0
32,0,0,0,0,0,1,0,0,0,0,0,2,0
32,0,0,0,0,0,2,0,0,0,0,0,1,0
32,0,0,0,0,0,2,0,0,0,0,0,1,0
32,0,0,0,0,0,2,0,0,0,0,0,1,0
32,0,0,0,0,0,2,0,0,0,0,0,1,0
32,0,0,0,0,0,2,0,0,0,0,0,1,0
32,0,0,0,0,0,2,0,0,0,0,0,1,0
32,0,0,0,0,0,2,0,0,0,0,0,2,0
32,0,0,0,0,0,2,0,0,0,0,0,2,0
32,0,0,0,0,0,2,0,0,0,0,0,2,0
32,0,0,0,0,0,2,0,0,0,0,0,2,0
32,0,0,0,0,0,2,0,0,0,0,0,2,0
32,0,0,0,0,0,2,0,0,0,0,0,2,0
32,0,0,0,0,0,3,0,0,0,0,0,1,0
32,0,0,0,0,0,3,0,0,0,0,0,1,0
32,0,0,0,0,0,3,0,0,0,0,0,1,0
32,0,0,0,0,0,3,0,0,0,0,0,1,0
32,0,0,0,0,0,3,0,0,0,0,0,1,0
32,0,0,0,0,0,3,0,0,0,0,0,1,0
32,0,0,0,0,0,3,0,0,0,0,0,2,0
32,0,0,0,0,0,3,0,0,0,0,0,2,0
32,0,0,0,0,0,3,0,0,0,0,0,2,0
32,0,0,0,0,0,3,0,0,0,0,0,2,0
32,0,0,0,0,0,3,0,0,0,0,0,2,0
32,0,0,0,0,0,3,0,0,0,0,0,2,0
32,0,0,0,0,0,4,0,0,0,0,0,1,0
32,0,0,0,0,0,4,0,0,0,0,0,1,0
32,0,0,0,0,0,4,0,0,0,0,0,1,0
32,0,0,0,0,0,4,0,0,0,0,0,1,0
32,0,0,0,0,0,4,0,0,0,0,0,1,0
32,0,0,0,0,0,4,0,0,0,0,0,1,0
32,0,0,0,0,0,4,0,0,0,0,0,2,0
32,0,0,0,0,0,4,0,0,0,0,0,2,0
32,0,0,0,0,0,4,0,0,0,0,0,2,0
32,0,0,0,0,0,4,0,0,0,0,0,2,0
32,0,0,0,0,0,4,0,0,0,0,0,2,0
32,0,0,0,0,0,4,0,0,0,0,0,2,0